"p_val","avg_log2FC","pct.1","pct.2","p_val_adj","gene","comparison"
5.13660616626346e-197,1.26531417221249,0.905,0.722,1.28517886279912e-192,"Gsto1","KO_vs_WT"
2.98647377574015e-114,2.66746871332911,0.405,0.091,7.47215738690187e-110,"Gdpd3","KO_vs_WT"
2.10904803310724e-111,0.800390943763604,0.916,0.828,5.27683817883431e-107,"Krt16","KO_vs_WT"
2.53355755915578e-105,-6.67164083708848,0.008,0.25,6.33896101300777e-101,"Gm39469","KO_vs_WT"
6.50924319458748e-91,0.66598008106309,0.937,0.882,1.62861264728579e-86,"Krt14","KO_vs_WT"
2.4933275795511e-90,1.13225288246509,0.732,0.518,6.23830560403686e-86,"Krt12","KO_vs_WT"
1.09899928106131e-79,1.35676948304941,0.593,0.342,2.74969620121539e-75,"Mal","KO_vs_WT"
3.54422474201239e-76,1.00485148182537,0.795,0.671,8.867650304515e-72,"Tuba1c","KO_vs_WT"
1.74637272301781e-67,1.02048885541522,0.708,0.534,4.36942455299055e-63,"Sprr1a","KO_vs_WT"
2.46321884235788e-67,0.937336212086224,0.742,0.593,6.16297354357942e-63,"Krt6a","KO_vs_WT"
3.4587398147236e-63,2.2624301407995,0.285,0.079,8.65376701643845e-59,"Itgax","KO_vs_WT"
1.09253223923923e-61,-0.625974640193206,0.974,0.989,2.73351566257655e-57,"Cxcl2","KO_vs_WT"
6.73125515835446e-59,0.491917849813354,0.987,0.967,1.68416004062028e-54,"S100a11","KO_vs_WT"
3.81421336421082e-57,1.18575659164527,0.646,0.433,9.54316183725548e-53,"Gm47283","KO_vs_WT"
6.81190611230974e-53,0.389584188766963,0.983,0.977,1.7043389092999e-48,"Fabp5","KO_vs_WT"
7.3786791608752e-50,-1.80549719775415,0.08,0.268,1.84614552605098e-45,"Gm8797","KO_vs_WT"
9.47981114881452e-50,-0.466783210475126,0.88,0.965,2.37184874943339e-45,"mt-Co3","KO_vs_WT"
6.51668398574346e-46,-3.76727144354738,0.007,0.125,1.63047433323301e-41,"9330111N05Rik","KO_vs_WT"
9.15439529280749e-46,-1.0004056417026,0.78,0.894,2.29042970226043e-41,"Ccl4","KO_vs_WT"
9.78187869721495e-46,-0.94805147442765,0.368,0.59,2.44742605004318e-41,"Itgam","KO_vs_WT"
3.04928708960186e-45,1.08508781826667,0.547,0.381,7.62931629818387e-41,"Ppbp","KO_vs_WT"
3.05219020899446e-44,0.267208499450085,1,1,7.63657990290415e-40,"Gm42418","KO_vs_WT"
4.47511593680642e-43,-0.80793329099623,0.324,0.555,1.11967400738897e-38,"Mmp3","KO_vs_WT"
5.38376811493251e-40,1.285621561727,0.435,0.258,1.34701878235612e-35,"Tubb4b","KO_vs_WT"
1.6283430663194e-38,-0.652304561230109,0.885,0.937,4.07411435193114e-34,"Ccl3","KO_vs_WT"
1.37118189379189e-37,2.16454549148142,0.198,0.061,3.4306970982673e-33,"Cnfn","KO_vs_WT"
3.56314004806572e-36,-1.04829231278681,0.683,0.802,8.91497640026044e-32,"Tnf","KO_vs_WT"
8.89174137243846e-36,0.401714482190935,0.638,0.492,2.2247136913841e-31,"Plet1","KO_vs_WT"
3.16288648877999e-34,1.22650350924384,0.396,0.234,7.91354199492753e-30,"Krt6b","KO_vs_WT"
1.20633907477898e-32,-2.84022403190136,0.016,0.112,3.01826036509702e-28,"Hal","KO_vs_WT"
2.09183221771777e-31,2.88751347970846,0.116,0.021,5.23376420872986e-27,"Psca","KO_vs_WT"
2.40810307735618e-31,0.35081081753544,0.991,0.981,6.02507389954517e-27,"Ubb","KO_vs_WT"
3.37745317877095e-30,-0.495145813732148,0.739,0.86,8.45038785328491e-26,"Slc15a3","KO_vs_WT"
7.25274669899395e-30,0.640575346093982,0.743,0.644,1.81463722408829e-25,"Ifitm1","KO_vs_WT"
2.2206707306948e-29,0.636895419360061,0.751,0.658,5.5561181681984e-25,"AY036118","KO_vs_WT"
3.70920938328528e-29,0.888016671002735,0.484,0.346,9.28044187697976e-25,"Perp","KO_vs_WT"
1.59541707803565e-28,-1.29144381629356,0.134,0.28,3.99173352924518e-24,"Nr4a1","KO_vs_WT"
9.75936048618736e-28,0.729538506095494,0.609,0.511,2.44179199364408e-23,"Krt5","KO_vs_WT"
2.40954802987372e-27,-1.09735466728939,0.201,0.357,6.02868917074404e-23,"Plk2","KO_vs_WT"
1.3765284082108e-26,-0.68338359511592,0.405,0.585,3.44407407734343e-22,"Plin2","KO_vs_WT"
4.95257613736321e-26,0.435300818042855,0.884,0.842,1.23913454956827e-21,"Tyrobp","KO_vs_WT"
1.05296349004829e-25,-0.760761612307821,0.376,0.538,2.63451465210083e-21,"Dleu2","KO_vs_WT"
3.00402268648257e-25,-0.813491193883912,0.324,0.489,7.51606476157939e-21,"Hilpda","KO_vs_WT"
3.79252125515703e-25,-0.976988672222366,0.141,0.283,9.48888818040289e-21,"Apod","KO_vs_WT"
1.61720842812478e-24,1.34992836443854,0.252,0.128,4.0462554871682e-20,"Krt15","KO_vs_WT"
4.3644935825952e-24,-0.933249408862609,0.325,0.476,1.09199629436532e-19,"Id2","KO_vs_WT"
5.85143277521973e-23,-1.06819951553665,0.187,0.327,1.46402848035998e-18,"Adgre5","KO_vs_WT"
7.36938964588854e-23,0.31252866195404,0.985,0.975,1.84382128940131e-18,"Tmsb4x","KO_vs_WT"
1.03366212674779e-22,-0.550169366724844,0.548,0.704,2.58622264112296e-18,"Atf3","KO_vs_WT"
1.6674889198806e-22,1.00714170054467,0.367,0.241,4.17205727754127e-18,"Dmkn","KO_vs_WT"
5.41078033443545e-22,-0.868906538462229,0.538,0.66,1.35377723967575e-17,"Ezr","KO_vs_WT"
5.89183773449219e-22,-1.59754971705162,0.098,0.209,1.47413780116995e-17,"Arf2","KO_vs_WT"
6.56155236724641e-22,1.24895024817668,0.262,0.144,1.64170040228505e-17,"Aqp5","KO_vs_WT"
7.03399120771291e-22,-0.685231793875766,0.508,0.65,1.75990460016977e-17,"Malt1","KO_vs_WT"
1.94667633120459e-21,0.938496183754611,0.435,0.318,4.87058418067389e-17,"Gsta4","KO_vs_WT"
5.5115001548438e-21,0.599705246032952,0.642,0.531,1.37897733874192e-16,"Lpin2","KO_vs_WT"
5.54167773473589e-21,-0.286432256628133,0.939,0.974,1.38652776923092e-16,"mt-Atp6","KO_vs_WT"
1.29867926241696e-20,1.07607729648624,0.216,0.106,3.24929551456724e-16,"Gcnt1","KO_vs_WT"
8.32837482162658e-20,0.312521765016844,0.771,0.692,2.08375938037097e-15,"S100a10","KO_vs_WT"
7.02743061802076e-19,0.799103251330213,0.42,0.305,1.75826314062879e-14,"Sprr1b","KO_vs_WT"
3.31011264518515e-18,0.488283115770336,0.725,0.673,8.28190183825324e-14,"Pfn1","KO_vs_WT"
3.8377092481338e-18,-2.65292284120285,0.146,0.252,9.60194853883077e-14,"Tmem267","KO_vs_WT"
6.43321268609287e-18,0.765308292994152,0.415,0.308,1.60958981406044e-13,"Hbegf","KO_vs_WT"
6.72898389615967e-18,-0.354489851964793,0.832,0.9,1.68359177081915e-13,"Nfkbiz","KO_vs_WT"
2.24263482159263e-17,-0.288815826294555,0.884,0.952,5.61107232362475e-13,"mt-Co1","KO_vs_WT"
2.4134689168438e-17,1.02174745058115,0.232,0.129,6.03849922994319e-13,"Mid1","KO_vs_WT"
2.7843024962681e-17,-0.26517100960144,0.894,0.953,6.96632484566279e-13,"mt-Nd1","KO_vs_WT"
9.0986768608732e-17,0.546064805839187,0.63,0.542,2.27648895059048e-12,"Cd52","KO_vs_WT"
6.61585955018089e-16,-0.618589673399161,0.537,0.656,1.65528805945526e-11,"Lcn2","KO_vs_WT"
1.81286583825692e-15,0.548909092302958,0.567,0.479,4.5357903273188e-11,"Fam107b","KO_vs_WT"
2.18500181993814e-15,-0.702055689915933,0.279,0.404,5.46687455348523e-11,"Rhob","KO_vs_WT"
2.48772800524333e-15,0.631726086114052,0.475,0.387,6.22429546911881e-11,"Lgals7","KO_vs_WT"
2.76586968671527e-15,-0.855003295789997,0.108,0.203,6.92020595616161e-11,"Tsc22d3","KO_vs_WT"
5.13603925355484e-15,-1.53836003971487,0.06,0.136,1.28503702123942e-10,"Lztfl1","KO_vs_WT"
8.81733932600094e-15,-0.598244678973013,0.213,0.33,2.20609829936544e-10,"Slco3a1","KO_vs_WT"
9.55201979125842e-15,-0.744394273880797,0.151,0.254,2.38991535177286e-10,"Nupr1","KO_vs_WT"
3.26746552704422e-14,0.953264316131713,0.266,0.173,8.17519874866465e-10,"Sbsn","KO_vs_WT"
3.54184097240135e-14,-0.626340676776141,0.11,0.205,8.86168611294817e-10,"Tm4sf1","KO_vs_WT"
7.60477757612575e-14,0.565860262421293,0.567,0.492,1.90271534954666e-09,"Myl12b","KO_vs_WT"
8.92995271443067e-14,0.806514604791014,0.328,0.235,2.23427416915055e-09,"S100a14","KO_vs_WT"
1.3376744864621e-13,-0.27708728419833,0.9,0.938,3.34686156512818e-09,"Clec4e","KO_vs_WT"
1.93855952168349e-13,1.51137989594763,0.121,0.055,4.85027592325208e-09,"Prss22","KO_vs_WT"
2.45526377308848e-13,0.671038999635617,0.574,0.503,6.14306996026737e-09,"Ctsl","KO_vs_WT"
2.47166188324137e-13,0.396680667354166,0.707,0.66,6.18409803186992e-09,"Ccr1","KO_vs_WT"
3.50570339517141e-13,-1.29668798627956,0.083,0.16,8.77126989471887e-09,"Sacm1l","KO_vs_WT"
8.39880582318403e-13,-0.456455221746846,0.277,0.4,2.10138121696065e-08,"Cpne2","KO_vs_WT"
9.30582379414674e-13,0.483685560219097,0.569,0.519,2.32831711329551e-08,"Hspb1","KO_vs_WT"
1.37201103388802e-12,-0.448120807594168,0.355,0.483,3.43277160678783e-08,"Dusp16","KO_vs_WT"
2.76215729242415e-12,0.372381500867527,0.836,0.823,6.91091754564523e-08,"Lcp1","KO_vs_WT"
3.79707551055386e-12,-0.897002916731555,0.065,0.135,9.50028292740576e-08,"Prg4","KO_vs_WT"
5.11424115172812e-12,0.666191017264328,0.405,0.328,1.27958313616238e-07,"Itm2b","KO_vs_WT"
1.35471669279182e-11,-0.828259578109733,0.072,0.143,3.38950116536513e-07,"Gm19510","KO_vs_WT"
1.60393527281131e-11,1.04266523465388,0.19,0.114,4.0130460525739e-07,"Slc6a14","KO_vs_WT"
1.80902974240934e-11,-1.0026258162395,0.119,0.201,4.52619241550818e-07,"Il23a","KO_vs_WT"
2.2879626176737e-11,0.517799117167846,0.586,0.522,5.72448246941959e-07,"Zfp608","KO_vs_WT"
2.49725439328561e-11,0.675319099386693,0.29,0.203,6.2481304920006e-07,"Tnrc6b","KO_vs_WT"
3.40111865259531e-11,0.39561496490439,0.665,0.581,8.50959886879348e-07,"Ccrl2","KO_vs_WT"
3.93357498148455e-11,0.505549941341575,0.654,0.609,9.84180460367436e-07,"Antxr2","KO_vs_WT"
4.20835078924917e-11,0.744369526302178,0.388,0.316,1.05292936747014e-06,"Clec5a","KO_vs_WT"
4.76825976125777e-11,-1.04310582350152,0.102,0.176,1.1930185922667e-06,"Maco1","KO_vs_WT"
5.98040731948778e-11,0.450073644265596,0.576,0.541,1.49629791133584e-06,"Myl12a","KO_vs_WT"
6.64020029261667e-11,0.91048899667217,0.244,0.167,1.66137811321269e-06,"S100a16","KO_vs_WT"
1.11728089921007e-10,0.270873871683593,0.865,0.853,2.79543680982359e-06,"Rpl41","KO_vs_WT"
1.32729945223255e-10,0.390934760562714,0.674,0.643,3.32090322948585e-06,"Lasp1","KO_vs_WT"
3.23395317455409e-10,0.558581882902784,0.417,0.341,8.09135084273433e-06,"Actn1","KO_vs_WT"
3.69150490764813e-10,-0.479396184770934,0.198,0.291,9.23614527893561e-06,"Ikbke","KO_vs_WT"
4.04800023874316e-10,-0.567160066301277,0.176,0.263,1.01280965973354e-05,"Eif3j1","KO_vs_WT"
4.14364115450551e-10,-0.571301973957629,0.137,0.215,1.03673901685728e-05,"Cxcl5","KO_vs_WT"
4.30858512317265e-10,1.08679353871823,0.152,0.087,1.0780079978178e-05,"Lgalsl","KO_vs_WT"
6.12154259500291e-10,0.986912152015471,0.197,0.128,1.53160995726973e-05,"Mmp9","KO_vs_WT"
6.22781712067868e-10,0.3726533372982,0.745,0.693,1.55819984359381e-05,"Spp1","KO_vs_WT"
6.91936994036691e-10,-0.642310421946135,0.325,0.42,1.7312263590798e-05,"F10","KO_vs_WT"
7.15398141701129e-10,-0.324094360748889,0.797,0.852,1.78992615053622e-05,"Cxcl3","KO_vs_WT"
7.23506250850029e-10,-0.577042945420885,0.363,0.464,1.81021263962677e-05,"Csf3","KO_vs_WT"
8.80068114748772e-10,-0.439272194261823,0.298,0.4,2.20193042310143e-05,"mt-Nd4l","KO_vs_WT"
1.03096675748178e-09,1.24554161647152,0.106,0.053,2.5794788272194e-05,"Prss27","KO_vs_WT"
1.0381973543255e-09,-0.664220314679916,0.132,0.209,2.5975697805224e-05,"Gm26740","KO_vs_WT"
1.24659218437736e-09,0.797891424344366,0.293,0.221,3.11897364531217e-05,"Elf3","KO_vs_WT"
1.24784411892308e-09,-0.555765559593001,0.244,0.336,3.12210598554555e-05,"Nr4a3","KO_vs_WT"
1.66934019799698e-09,-0.534372043480406,0.187,0.277,4.17668917538843e-05,"Map3k8","KO_vs_WT"
1.99029080740393e-09,-1.01951760431098,0.088,0.151,4.97970760012463e-05,"Klf9","KO_vs_WT"
2.01217489748841e-09,0.321530554412502,0.691,0.664,5.03446159351601e-05,"Rpl7","KO_vs_WT"
2.13505522909221e-09,-0.394452347994253,0.252,0.349,5.34190818318872e-05,"Zdhhc18","KO_vs_WT"
2.24301726520864e-09,-0.86398440285145,0.078,0.141,5.61202919755202e-05,"Camkk2","KO_vs_WT"
2.44055132079449e-09,0.306963053298829,0.778,0.752,6.1062594046278e-05,"Gab2","KO_vs_WT"
2.74519171304299e-09,-0.838841175126603,0.209,0.301,6.86846966603356e-05,"Saa3","KO_vs_WT"
4.54457173694739e-09,-0.98859944722543,0.115,0.184,0.000113705184858424,"Gm14636","KO_vs_WT"
4.59584712801576e-09,-0.277230612973767,0.484,0.601,0.000114988095142954,"mt-Nd5","KO_vs_WT"
4.74992956123504e-09,1.07394997027501,0.127,0.072,0.000118843237622101,"Upk3bl","KO_vs_WT"
4.7710187589372e-09,-1.26739361696604,0.179,0.254,0.000119370889348609,"Serpinb2","KO_vs_WT"
5.19735572538598e-09,-0.677545639038833,0.507,0.569,0.000130037840249157,"Klf2","KO_vs_WT"
5.252902828297e-09,0.828214885163613,0.231,0.162,0.000131427628763991,"Fam102a","KO_vs_WT"
5.7097643875698e-09,0.888022316265238,0.209,0.143,0.000142858304976996,"Tspan14","KO_vs_WT"
6.39152666623182e-09,0.817508179508945,0.254,0.187,0.00015991599718912,"Plp2","KO_vs_WT"
6.82583995270916e-09,0.341941332816677,0.349,0.277,0.000170782515616783,"Cstdc5","KO_vs_WT"
7.06079938813506e-09,1.18385685923736,0.138,0.082,0.000176661200691139,"Calml3","KO_vs_WT"
7.84954109311381e-09,0.367592893259443,0.743,0.72,0.000196395518149708,"Xylt1","KO_vs_WT"
9.48330964549978e-09,-0.252307789300892,0.708,0.779,0.000237272407330405,"Il1a","KO_vs_WT"
1.14527865573217e-08,0.374103088489855,0.607,0.568,0.000286548719664189,"Ncf2","KO_vs_WT"
1.16510373452775e-08,0.256505397840617,0.875,0.882,0.000291508954378842,"Rps14","KO_vs_WT"
1.6365267719127e-08,0.277020376955233,0.814,0.793,0.000409458998332558,"Ubc","KO_vs_WT"
2.1218850169037e-08,-0.352329770941975,0.383,0.484,0.000530895631229307,"Kmt5a","KO_vs_WT"
2.22808803060008e-08,1.23745728398506,0.155,0.098,0.00055746762525614,"Slc1a1","KO_vs_WT"
2.43043247166508e-08,-0.371289969064439,0.736,0.806,0.000608094204410604,"Atp6v1e1","KO_vs_WT"
2.46259225534403e-08,-0.49010390763754,0.415,0.515,0.000616140582287076,"Jun","KO_vs_WT"
2.97582276217838e-08,0.48400221374954,0.522,0.467,0.000744550855097031,"Jmjd1c","KO_vs_WT"
3.15828166879333e-08,-0.538429800887381,0.264,0.347,0.000790202073532091,"Metrnl","KO_vs_WT"
3.3049629511019e-08,-0.626079281244291,0.247,0.328,0.000826901730365696,"Inhba","KO_vs_WT"
3.66670413304062e-08,-0.354514815154515,0.512,0.603,0.000917409374086763,"Cast","KO_vs_WT"
3.95548263607887e-08,-0.434726358192338,0.189,0.271,0.000989661755546934,"Stk10","KO_vs_WT"
4.34813978834886e-08,0.631965344810925,0.214,0.149,0.00108790457504488,"Ankrd22","KO_vs_WT"
4.69108625412238e-08,0.620817847295821,0.391,0.329,0.00117370978078142,"Cdk2ap2","KO_vs_WT"
5.05245560332925e-08,-0.607727302571188,0.175,0.251,0.00126412439195298,"Ptges","KO_vs_WT"
6.12589674347665e-08,-0.250182407018983,0.855,0.909,0.00153269936521786,"Nlrp3","KO_vs_WT"
6.18750997874595e-08,-0.264519242335467,0.484,0.596,0.00154811499668224,"Ctsz","KO_vs_WT"
7.15166773749847e-08,-0.31815304156553,0.515,0.6,0.00178934726792212,"Tnfaip2","KO_vs_WT"
7.31781825648411e-08,1.62411703799476,0.103,0.057,0.00183091812777233,"Clu","KO_vs_WT"
7.7340857835873e-08,0.493049592033278,0.446,0.386,0.00193506826305354,"Tnfrsf26","KO_vs_WT"
8.19356262861276e-08,-0.565257095087653,0.529,0.606,0.00205002936967891,"Ptgs2","KO_vs_WT"
8.26267762284873e-08,0.772966109492686,0.186,0.126,0.00206732194123675,"Sprr2d","KO_vs_WT"
9.91242464354666e-08,-0.742337628965021,0.06,0.11,0.00248008864581537,"Bbc3","KO_vs_WT"
1.52094278755246e-07,0.326571554450951,0.729,0.703,0.00380539885445626,"Elmo1","KO_vs_WT"
1.54912740522783e-07,0.921588478595797,0.211,0.154,0.00387591676788003,"Tubb6","KO_vs_WT"
1.61151287379954e-07,-0.599332124077341,0.158,0.222,0.00403200521024646,"Ext1","KO_vs_WT"
1.76608335246373e-07,0.951932262697843,0.127,0.076,0.00441874054786425,"Tuba1a","KO_vs_WT"
1.88048005838574e-07,-0.741263403974275,0.134,0.195,0.00470496110608111,"Gas7","KO_vs_WT"
1.93923437491254e-07,0.494099560131238,0.442,0.401,0.00485196440603117,"Aldh1a3","KO_vs_WT"
2.27515904264441e-07,-0.578874417257083,0.06,0.11,0.00569244792469631,"Mgp","KO_vs_WT"
2.52578288046412e-07,0.305601427254101,0.685,0.655,0.00631950876692123,"Syk","KO_vs_WT"
2.96764021457229e-07,0.390032380795266,0.525,0.488,0.00742503581685987,"Gnai2","KO_vs_WT"
3.12450125790126e-07,0.364379822582269,0.575,0.534,0.00781750214726895,"Rasa2","KO_vs_WT"
3.25970579282789e-07,-0.592826860346056,0.133,0.197,0.00815578389365537,"Mrgpra2b","KO_vs_WT"
4.07599348773721e-07,0.8905455534236,0.207,0.151,0.0101981357063185,"Tuba4a","KO_vs_WT"
4.14727481082636e-07,0.471169423108776,0.572,0.542,0.0103764815766875,"Gclm","KO_vs_WT"
4.56818015959706e-07,-0.465295821142621,0.195,0.269,0.0114295867593119,"A930007I19Rik","KO_vs_WT"
4.77003041096505e-07,0.436310318574919,0.462,0.424,0.0119346160882346,"Cldn4","KO_vs_WT"
5.32158355079427e-07,0.637549515548667,0.274,0.215,0.0133146020440873,"Ly6e","KO_vs_WT"
6.41365473668248e-07,0.320788805778337,0.701,0.678,0.0160469641511796,"Ppia","KO_vs_WT"
7.87687616800172e-07,0.460702629576809,0.518,0.478,0.0197079441723403,"Jak2","KO_vs_WT"
7.92925663656465e-07,0.267384684643676,0.537,0.475,0.0198390001046848,"Creb5","KO_vs_WT"
8.4266385090716e-07,-0.773432370252698,0.076,0.124,0.0210834495496971,"Jag1","KO_vs_WT"
8.59636128645547e-07,-0.795733732558323,0.124,0.181,0.0215080959387116,"Pla2g4a","KO_vs_WT"
8.90432552475723e-07,-0.486528387155359,0.521,0.584,0.0222786224629426,"Gm43661","KO_vs_WT"
1.02857288032811e-06,0.380536687138413,0.723,0.706,0.0257348934658093,"Mbnl2","KO_vs_WT"
1.02865358786535e-06,-0.308955004381566,0.241,0.319,0.0257369127683911,"Clic4","KO_vs_WT"
1.09033495496651e-06,0.563805158393329,0.217,0.16,0.0272801805732622,"Celf2","KO_vs_WT"
1.13635101085925e-06,0.792026738645889,0.327,0.278,0.0284315022916984,"B4galt1","KO_vs_WT"
1.19564596760192e-06,-1.20894873214123,0.142,0.196,0.0299150621094001,"Pid1","KO_vs_WT"
1.22155508985731e-06,0.804243822634778,0.161,0.11,0.0305633083482298,"Rab25","KO_vs_WT"
1.31359834626416e-06,-0.407138231630383,0.283,0.366,0.0328662306235292,"Fbxl5","KO_vs_WT"
1.34326129598041e-06,-0.790070922887033,0.108,0.161,0.0336083976254299,"Pxk","KO_vs_WT"
1.60718075604435e-06,-0.498713590410299,0.153,0.217,0.0402116625162295,"Acsl5","KO_vs_WT"
1.61550519954266e-06,-0.347730498827889,0.243,0.324,0.0404199400925574,"Gm20406","KO_vs_WT"
1.88232477372671e-06,-0.336819017284467,0.297,0.38,0.0470957658386423,"Dennd1b","KO_vs_WT"
1.90045200601076e-06,-0.599986602241521,0.079,0.128,0.0475493091903892,"6530402F18Rik","KO_vs_WT"
1.92645851612215e-06,0.851511370893236,0.196,0.142,0.0481999920733761,"Gm15726","KO_vs_WT"
1.94636780850783e-06,-0.395152751854866,0.155,0.218,0.0486981225688659,"Flna","KO_vs_WT"
1.95834268127595e-06,-0.26134345487668,0.508,0.59,0.0489977338855243,"Ostf1","KO_vs_WT"
2.20495214368866e-06,0.398573363735476,0.467,0.427,0.0551679026350902,"Laptm5","KO_vs_WT"
2.21955742334709e-06,-0.451712671651974,0.114,0.17,0.0555333267321442,"Ktn1","KO_vs_WT"
2.2404039828358e-06,0.870914090587388,0.137,0.09,0.0560549076505517,"Mal2","KO_vs_WT"
2.25832985378036e-06,0.900500019445416,0.125,0.08,0.0565034129415846,"Ly6d","KO_vs_WT"
2.71008186472798e-06,0.470423951825033,0.58,0.557,0.067806248255494,"Msrb1","KO_vs_WT"
2.71580168412594e-06,-0.328929914698373,0.22,0.292,0.0679493581368311,"Atp13a3","KO_vs_WT"
2.75090051409807e-06,0.893932487781279,0.139,0.092,0.0688275308627337,"Ehf","KO_vs_WT"
2.80811987216603e-06,-0.258306368898328,0.253,0.332,0.0702591592015942,"mt-Nd3","KO_vs_WT"
2.81513583310908e-06,0.29261316007702,0.769,0.777,0.0704346985443892,"Atp2b1","KO_vs_WT"
2.8194472370536e-06,0.52624433533709,0.192,0.137,0.070542569871081,"Rgs2","KO_vs_WT"
2.8595633510338e-06,-0.294619406091866,0.277,0.361,0.0715462750428658,"Zc3hav1","KO_vs_WT"
3.20422858175452e-06,-0.469509665533702,0.068,0.113,0.080169799115498,"Slc26a11","KO_vs_WT"
3.24333994846724e-06,0.841518469089668,0.134,0.088,0.0811483655106503,"Dsc2","KO_vs_WT"
3.37180330674927e-06,0.496611076745097,0.371,0.316,0.0843625187348668,"Anxa3","KO_vs_WT"
3.42757815439287e-06,-0.263797954673188,0.367,0.456,0.0857580054229096,"Osm","KO_vs_WT"
3.49282419704141e-06,0.88899989528792,0.149,0.101,0.0873904614099762,"Rgs10","KO_vs_WT"
3.60325406257192e-06,0.831330963626633,0.145,0.098,0.0901534166455495,"Cxcr2","KO_vs_WT"
3.67823439011848e-06,-0.529729261033942,0.111,0.163,0.0920294244407643,"Man2a1","KO_vs_WT"
3.99989210001669e-06,0.748767696232923,0.175,0.125,0.100077300342417,"Gm16867","KO_vs_WT"
4.25952870778806e-06,0.572036863253354,0.321,0.268,0.106573408268857,"Csf3r","KO_vs_WT"
4.62205965940593e-06,-0.365304444765731,0.203,0.269,0.115643932678336,"Rapgef1","KO_vs_WT"
4.8445301528853e-06,0.518720581609252,0.323,0.27,0.12121014442519,"Wipf1","KO_vs_WT"
5.21516465824747e-06,-1.29671564532963,0.216,0.275,0.130483419749352,"Crip1","KO_vs_WT"
5.63366363987044e-06,0.410871375579667,0.506,0.481,0.140954264269559,"Cotl1","KO_vs_WT"
5.73289280732889e-06,0.386890375968019,0.666,0.658,0.143436978039369,"N4bp1","KO_vs_WT"
5.96318115965818e-06,0.266030942509154,0.858,0.864,0.149198792614648,"Eef1a1","KO_vs_WT"
6.87103728497366e-06,-0.277192876310282,0.248,0.326,0.171913352870041,"F630028O10Rik","KO_vs_WT"
7.10010912260513e-06,0.468994893166951,0.361,0.317,0.17764473024758,"Sprr2f","KO_vs_WT"
7.67849399956034e-06,-0.517354697182963,0.192,0.257,0.192115919869,"Emp3","KO_vs_WT"
7.70988949466712e-06,0.286926674285805,0.646,0.63,0.192901435156571,"Taldo1","KO_vs_WT"
7.75411546970459e-06,0.340214879940743,0.446,0.386,0.194007969052009,"Creg1","KO_vs_WT"
7.83777744504539e-06,1.09435172099043,0.118,0.077,0.196101191675036,"Spint2","KO_vs_WT"
8.18946033669469e-06,-0.284340347460742,0.115,0.169,0.204900297624101,"Btaf1","KO_vs_WT"
8.19391348480131e-06,-0.599726044953647,0.124,0.175,0.205011715389729,"Slc7a8","KO_vs_WT"
8.37711690892146e-06,0.460051339474483,0.395,0.346,0.209595465061215,"Inpp5d","KO_vs_WT"
9.2260091436312e-06,0.324911268554309,0.572,0.566,0.230834748773653,"Dynap","KO_vs_WT"
9.37949171014544e-06,-0.471223120771391,0.486,0.541,0.234674882587839,"AA467197","KO_vs_WT"
1.01096771651687e-05,-0.392503140102732,0.086,0.133,0.25294412267252,"Timp1","KO_vs_WT"
1.12616577271221e-05,0.396170122132828,0.529,0.503,0.281766676332596,"Fgd3","KO_vs_WT"
1.2561226431271e-05,0.268313321694142,0.734,0.717,0.3142818853104,"Ctsd","KO_vs_WT"
1.36640367323401e-05,-0.607733749246923,0.143,0.195,0.34187419904315,"Sgms1","KO_vs_WT"
1.39677744291221e-05,0.493131699581017,0.237,0.183,0.349473716216634,"Ypel3","KO_vs_WT"
1.41694732945102e-05,-0.691759841095851,0.095,0.14,0.354520221828646,"Anxa4","KO_vs_WT"
1.42020484386095e-05,-0.305451289899235,0.243,0.311,0.355335251934009,"Arhgef3","KO_vs_WT"
1.44437368015866e-05,-0.726043776467559,0.119,0.167,0.361382294775696,"Nrp2","KO_vs_WT"
1.44686048950351e-05,0.674958504920266,0.262,0.213,0.362004494473779,"Mpp5","KO_vs_WT"
1.68266669055991e-05,0.47287133743677,0.376,0.33,0.42100320597809,"Tns3","KO_vs_WT"
1.71612069647061e-05,-0.256973856089363,0.131,0.187,0.429373398256946,"Snhg3","KO_vs_WT"
1.74747455242754e-05,0.334862569777715,0.518,0.502,0.43721813301737,"Rps5","KO_vs_WT"
1.75355872845324e-05,0.286691469376965,0.597,0.573,0.438740393859,"Clta","KO_vs_WT"
1.7657284999325e-05,0.28381007149398,0.573,0.53,0.441785270683113,"Entpd1","KO_vs_WT"
1.94113999831444e-05,-0.421538033890169,0.197,0.259,0.485673227578274,"Gm20186","KO_vs_WT"
1.96183928969926e-05,-0.302844164644351,0.122,0.175,0.490852190282756,"Ubash3b","KO_vs_WT"
1.993844555846e-05,-0.345246446197672,0.081,0.126,0.498859907872669,"H2-Q10","KO_vs_WT"
2.02118508914196e-05,0.387132047817881,0.68,0.642,0.505700509303318,"Igf1r","KO_vs_WT"
2.03277280548292e-05,-0.461045714326895,0.074,0.115,0.508599755931826,"F13a1","KO_vs_WT"
2.15821577296911e-05,0.303937242529883,0.533,0.513,0.539985586396872,"Rack1","KO_vs_WT"
2.19665148819494e-05,-0.73253553878657,0.107,0.153,0.549602202346374,"Spryd7","KO_vs_WT"
2.2410887461367e-05,-0.54619219132939,0.117,0.166,0.560720404283401,"Stom","KO_vs_WT"
2.33397262023374e-05,0.663042175339438,0.288,0.242,0.583959949582482,"Dock5","KO_vs_WT"
2.38989826269978e-05,-0.311376510058035,0.089,0.134,0.597952545327484,"Ripk2","KO_vs_WT"
2.41831516357323e-05,-0.593054677787434,0.109,0.156,0.605062453926022,"Flrt3","KO_vs_WT"
2.48695145290636e-05,0.358668719045458,0.514,0.481,0.622235253517172,"Map2k3","KO_vs_WT"
2.5052581197255e-05,-0.257728338086556,0.242,0.315,0.626815581555321,"Sh2b2","KO_vs_WT"
2.62952119597377e-05,-0.324708936300006,0.318,0.39,0.657906203232637,"Pts","KO_vs_WT"
2.71134042408645e-05,0.337052531815741,0.563,0.542,0.678377374106429,"Chst11","KO_vs_WT"
2.7941787040703e-05,1.07988903491922,0.117,0.079,0.69910351175839,"Ndufa8","KO_vs_WT"
2.97211078305927e-05,-0.585331982599292,0.094,0.138,0.743622117921428,"Msr1","KO_vs_WT"
3.03127980813197e-05,0.294936028483061,0.742,0.732,0.75842620799462,"Plbd1","KO_vs_WT"
3.09538655999787e-05,-0.442386097984055,0.193,0.25,0.774465717311467,"Mtdh","KO_vs_WT"
3.15177370438684e-05,0.325556336047802,0.665,0.655,0.788573780837589,"Abcc1","KO_vs_WT"
3.20031586450832e-05,0.514602381988162,0.384,0.347,0.800719029299982,"Reep3","KO_vs_WT"
3.30700234712595e-05,0.701964011053263,0.225,0.178,0.827411987250913,"Map2k1","KO_vs_WT"
3.43768750127198e-05,0.337048516170311,0.519,0.476,0.860109412818249,"Myh9","KO_vs_WT"
3.51749958510613e-05,-0.331124206870099,0.07,0.11,0.880078396193554,"Pf4","KO_vs_WT"
3.56347926901044e-05,-0.253365502303646,0.208,0.273,0.891582513106413,"Sirpa","KO_vs_WT"
3.72405327680549e-05,-0.564058476465142,0.084,0.126,0.931758129856733,"Adora2a","KO_vs_WT"
4.12292959092622e-05,-0.354234822662451,0.135,0.189,1,"Dgat2","KO_vs_WT"
4.14080773211534e-05,-0.261431115278458,0.181,0.242,1,"Slc8b1","KO_vs_WT"
4.15266177617447e-05,-0.370103242263579,0.097,0.143,1,"Fam20c","KO_vs_WT"
4.16572850088584e-05,-0.314116955187127,0.263,0.331,1,"Ier2","KO_vs_WT"
4.31772019169598e-05,-0.34419520706315,0.263,0.328,1,"Ncoa3","KO_vs_WT"
4.33027647765965e-05,-0.361244153163184,0.067,0.106,1,"Rassf1","KO_vs_WT"
4.45106007605985e-05,0.493249214377564,0.341,0.297,1,"Sorl1","KO_vs_WT"
4.55762195179415e-05,0.289743025173195,0.775,0.782,1,"Rps2","KO_vs_WT"
4.62367106576916e-05,-0.644979854394349,0.106,0.15,1,"Rai14","KO_vs_WT"
5.17567284280771e-05,-0.36207285582118,0.306,0.37,1,"Ahnak","KO_vs_WT"
5.40640891608538e-05,0.326678237986124,0.476,0.443,1,"Arhgdib","KO_vs_WT"
5.63813294545849e-05,0.74563525861137,0.192,0.15,1,"Cmas","KO_vs_WT"
5.67891349340191e-05,-0.380773079422838,0.115,0.162,1,"Rap1gap2","KO_vs_WT"
5.97292904009978e-05,0.613755110570852,0.251,0.208,1,"Orai1","KO_vs_WT"
6.23381652423329e-05,-0.332724825292955,0.127,0.178,1,"Slc9a8","KO_vs_WT"
6.42026408548266e-05,0.475701483033685,0.403,0.37,1,"Mefv","KO_vs_WT"
6.54246543248143e-05,0.289050291392126,0.621,0.601,1,"Chd7","KO_vs_WT"
6.74582021310616e-05,0.399109050398125,0.425,0.393,1,"Ly6a","KO_vs_WT"
6.86526222750826e-05,0.614083986087009,0.24,0.195,1,"Morc3","KO_vs_WT"
7.16538796161167e-05,0.641513545911697,0.202,0.157,1,"Taf10","KO_vs_WT"
7.3630644770106e-05,0.269928117245029,0.826,0.841,1,"Sgms2","KO_vs_WT"
7.53853744154232e-05,-0.544947477615099,0.094,0.135,1,"Sash1","KO_vs_WT"
7.55777883287179e-05,0.696804879069968,0.205,0.161,1,"Glul","KO_vs_WT"
8.16756725086889e-05,0.416512808360152,0.395,0.355,1,"Fcgr3","KO_vs_WT"
8.25140347322916e-05,-0.396519307909077,0.12,0.166,1,"Ripk1","KO_vs_WT"
8.3103577108891e-05,-0.419327010082031,0.192,0.245,1,"Dusp2","KO_vs_WT"
8.32149294393202e-05,0.716341470015879,0.178,0.138,1,"Gpsm3","KO_vs_WT"
8.65695767356553e-05,-0.649453992080546,0.08,0.117,1,"Plcb1","KO_vs_WT"
8.69948001185913e-05,0.553017895727363,0.302,0.259,1,"Map2k4","KO_vs_WT"
8.85730819157223e-05,-0.347905501600842,0.136,0.185,1,"Slc23a2","KO_vs_WT"
8.89384138086628e-05,0.411622737674013,0.429,0.399,1,"Sh3bgrl3","KO_vs_WT"
8.92459090323635e-05,-0.254137201769876,0.302,0.368,1,"Foxn2","KO_vs_WT"
8.93493632950317e-05,-0.339811272030944,0.137,0.187,1,"Batf","KO_vs_WT"
9.27736426175695e-05,0.762522413499668,0.256,0.217,1,"Havcr2","KO_vs_WT"
9.50095420585302e-05,-0.352175382539457,0.152,0.202,1,"Gspt1","KO_vs_WT"
9.83000316768055e-05,0.843120003705734,0.1,0.066,1,"Tubb2a","KO_vs_WT"
0.00010289974964572,0.274523636343623,0.608,0.598,1,"Arpc5","KO_vs_WT"
0.000106844472219497,-0.2925699864353,0.212,0.269,1,"Caprin1","KO_vs_WT"
0.00010953698584471,0.501205228735919,0.314,0.271,1,"Adss","KO_vs_WT"
0.000109821253209121,-0.252463247771426,0.313,0.386,1,"Nsmce2","KO_vs_WT"
0.000112011935907056,0.639963697078269,0.141,0.102,1,"Spink5","KO_vs_WT"
0.000117801638005336,0.262576053000183,0.797,0.772,1,"Lgals3","KO_vs_WT"
0.00011794517896568,0.705859747587526,0.137,0.099,1,"Mbp","KO_vs_WT"
0.000118681876877826,-0.328481282632175,0.099,0.142,1,"Tbc1d2b","KO_vs_WT"
0.000137260223428445,0.401565550251127,0.448,0.42,1,"Lars2","KO_vs_WT"
0.000144265260018736,0.614194361879323,0.235,0.193,1,"Max","KO_vs_WT"
0.000145494821676053,-0.373881898034638,0.079,0.117,1,"Ifi27l2a","KO_vs_WT"
0.000147566599041559,-0.301919364479084,0.182,0.236,1,"Hnrnph1","KO_vs_WT"
0.00015433272749722,0.531039866519499,0.248,0.204,1,"Snx9","KO_vs_WT"
0.000158016521089823,0.251343882496438,0.55,0.553,1,"Sf3b1","KO_vs_WT"
0.00016692780887913,0.817082476028143,0.111,0.077,1,"Tmprss11b","KO_vs_WT"
0.00017049112174189,-0.382381282587066,0.139,0.185,1,"Osgin2","KO_vs_WT"
0.000178704331497985,0.334397135713336,0.485,0.452,1,"Rtn4","KO_vs_WT"
0.000178939910348823,0.789526425482189,0.131,0.095,1,"Lamtor2","KO_vs_WT"
0.000182883560736578,0.463993474922494,0.422,0.384,1,"Fndc3a","KO_vs_WT"
0.000185984543035541,0.688178904311908,0.253,0.211,1,"Glis3","KO_vs_WT"
0.000186766672970217,-1.30473936717757,0.104,0.141,1,"Fn1","KO_vs_WT"
0.000187699283526134,-0.486028671447712,0.069,0.105,1,"Adnp2","KO_vs_WT"
0.000188855048885356,-0.307201282926551,0.129,0.176,1,"Dcn","KO_vs_WT"
0.000190598598268458,-0.273345538405469,0.174,0.226,1,"Zc3h12c","KO_vs_WT"
0.000194114296649282,0.63948651493712,0.142,0.104,1,"Abcg1","KO_vs_WT"
0.000198984543950881,-0.647915876020636,0.12,0.163,1,"Cybb","KO_vs_WT"
0.00020335592288242,-0.300742036641357,0.073,0.11,1,"Man1a2","KO_vs_WT"
0.000207786915625171,-0.289663595941737,0.086,0.125,1,"Bmp2k","KO_vs_WT"
0.000208796618782235,-0.725165144399901,0.077,0.112,1,"Dab2","KO_vs_WT"
0.000212975343963045,0.46785642540117,0.348,0.309,1,"Cxcr4","KO_vs_WT"
0.000235341462933439,0.600714545777526,0.19,0.15,1,"Osgin1","KO_vs_WT"
0.000244881981517958,0.487640210744769,0.315,0.273,1,"Tgfbr1","KO_vs_WT"
0.000246632827320262,-0.295291813097102,0.202,0.258,1,"Cdc27","KO_vs_WT"
0.000254287625813275,0.525926353605281,0.323,0.286,1,"Wasf2","KO_vs_WT"
0.000258859505705298,0.367500951986507,0.291,0.251,1,"Tlr4","KO_vs_WT"
0.000259627405186751,0.636572200948114,0.126,0.09,1,"Adgrg3","KO_vs_WT"
0.000262215343572654,0.567288139432003,0.182,0.142,1,"Tmprss11g","KO_vs_WT"
0.000266009733388914,-0.251256829759641,0.6,0.652,1,"Mirt1","KO_vs_WT"
0.000271789928079566,0.342008412195624,0.495,0.472,1,"March7","KO_vs_WT"
0.00027444802711537,-0.492960726183991,0.074,0.109,1,"Prpf6","KO_vs_WT"
0.000285690060068696,0.777583299758925,0.123,0.088,1,"Gprc5a","KO_vs_WT"
0.000291244416460649,-0.318967609634443,0.164,0.212,1,"S100a4","KO_vs_WT"
0.000294486680405871,0.809368705318683,0.196,0.156,1,"Cltb","KO_vs_WT"
0.00029786462908935,-0.255010598361172,0.249,0.309,1,"Csf2ra","KO_vs_WT"
0.000299665530523685,-0.414664514865908,0.124,0.165,1,"Sh3bgrl","KO_vs_WT"
0.000316140523584776,0.252206945301866,0.836,0.84,1,"Marcksl1","KO_vs_WT"
0.00031726878892572,-0.632832475168522,0.106,0.144,1,"Limd1","KO_vs_WT"
0.000352359209294694,0.580658259389494,0.233,0.193,1,"Leprotl1","KO_vs_WT"
0.000357642917401278,0.673086628232073,0.114,0.08,1,"Trp53inp1","KO_vs_WT"
0.000372258920959003,0.634819156350467,0.101,0.069,1,"Il15","KO_vs_WT"
0.000384388372125488,-0.507140102452374,0.11,0.149,1,"Tbc1d9","KO_vs_WT"
0.000387938667173016,0.289693735722505,0.568,0.556,1,"Cox8a","KO_vs_WT"
0.000397175097500488,0.627075747975548,0.178,0.139,1,"Tmtc2","KO_vs_WT"
0.000398899013968845,0.317245728827712,0.505,0.511,1,"Rpl10a","KO_vs_WT"
0.000409676716083188,-0.546953383950118,0.09,0.126,1,"Mafb","KO_vs_WT"
0.000420830554476538,-0.299139915152234,0.094,0.132,1,"Sec24a","KO_vs_WT"
0.000435259021048125,0.352502132565523,0.45,0.427,1,"Ubl5","KO_vs_WT"
0.000440297139210152,0.477109926411566,0.244,0.203,1,"Tpst2","KO_vs_WT"
0.000459228745263254,0.560930641237258,0.299,0.263,1,"Pik3cb","KO_vs_WT"
0.000460422200337709,0.279853215272269,0.499,0.473,1,"Sik3","KO_vs_WT"
0.000482138281545273,0.785182839234546,0.137,0.103,1,"Egfr","KO_vs_WT"
0.000497125950569692,0.541047700871951,0.116,0.083,1,"Pkd1l2","KO_vs_WT"
0.000517938910593217,-0.374184272647996,0.079,0.114,1,"4930469K13Rik","KO_vs_WT"
0.00052597335300928,0.418009804747919,0.354,0.321,1,"Tbc1d15","KO_vs_WT"
0.000535436926682323,0.332428795676285,0.472,0.454,1,"Alox5ap","KO_vs_WT"
0.000543282160921388,1.04417832809028,0.11,0.08,1,"Lrg1","KO_vs_WT"
0.000552669850845449,-0.294858163183393,0.469,0.527,1,"G0s2","KO_vs_WT"
0.000554275376681511,-0.46844977217117,0.101,0.14,1,"Rsbn1","KO_vs_WT"
0.000568511677626527,-0.259049198959747,0.176,0.224,1,"Nfe2l1","KO_vs_WT"
0.000574855586930049,-0.290404959283338,0.272,0.323,1,"Mir155hg","KO_vs_WT"
0.000601151438821554,0.322491341066732,0.589,0.591,1,"Snx10","KO_vs_WT"
0.000606015584066879,0.419299312691427,0.389,0.358,1,"Gm13986","KO_vs_WT"
0.000606134188502074,0.502772037470211,0.188,0.15,1,"Runx2","KO_vs_WT"
0.000650795971343481,0.49976484761985,0.261,0.223,1,"Gfod1","KO_vs_WT"
0.000651861787757724,0.711425961095875,0.267,0.235,1,"Dmxl2","KO_vs_WT"
0.000670692600211133,0.554547801406269,0.253,0.217,1,"Tomm6","KO_vs_WT"
0.000684348208641681,0.909328391802433,0.133,0.101,1,"Cnn3","KO_vs_WT"
0.000690367884098069,0.605644463783636,0.147,0.112,1,"Mtm1","KO_vs_WT"
0.000705726773871995,0.256497633263231,0.72,0.72,1,"Rbpj","KO_vs_WT"
0.000740417826329804,0.610835674407087,0.202,0.165,1,"Atp5d","KO_vs_WT"
0.000773120023533188,0.642451881022182,0.141,0.108,1,"Otud7b","KO_vs_WT"
0.000781907358173051,0.517462212704351,0.289,0.256,1,"Neurl3","KO_vs_WT"
0.000832268774976575,-0.285039952222968,0.208,0.259,1,"Ddit4","KO_vs_WT"
0.000839153058043364,0.354481705697953,0.46,0.449,1,"Rps3","KO_vs_WT"
0.000851181620477558,0.582275954680747,0.191,0.154,1,"Atxn7l1","KO_vs_WT"
0.000867967172931,-0.488935211720619,0.086,0.119,1,"Clock","KO_vs_WT"
0.000881100782898805,0.377054303598823,0.522,0.508,1,"Tes","KO_vs_WT"
0.000890001008765567,-0.282256606503094,0.124,0.165,1,"Dnajb4","KO_vs_WT"
0.000905747099287494,-0.303177637994456,0.074,0.107,1,"Pirb","KO_vs_WT"
0.000906882450162056,-0.370177616834699,0.092,0.127,1,"Vcan","KO_vs_WT"
0.000918006232914318,0.7380998337961,0.152,0.119,1,"Tmem131l","KO_vs_WT"
0.000937877759514697,-0.425485839724093,0.08,0.113,1,"Hes1","KO_vs_WT"
0.000978147995516548,0.358261149431749,0.373,0.339,1,"E230032D23Rik","KO_vs_WT"
0.0010379355280696,0.401742797396623,0.529,0.543,1,"Ndufa4","KO_vs_WT"
0.00108022695850042,0.648609212695093,0.156,0.123,1,"N4bp2l1","KO_vs_WT"
0.00108969020322515,0.41644926391876,0.349,0.321,1,"Akirin1","KO_vs_WT"
0.00118899324540742,0.408000091238566,0.381,0.351,1,"Snap23","KO_vs_WT"
0.00124799500088728,1.37612062874796,0.112,0.083,1,"Hopx","KO_vs_WT"
0.00128607433359523,0.739799517096778,0.12,0.09,1,"Tprgl","KO_vs_WT"
0.0013008497057931,0.603387617527153,0.119,0.087,1,"Srp72","KO_vs_WT"
0.00137614846003724,-0.445879168930106,0.096,0.129,1,"Slc39a14","KO_vs_WT"
0.00138103371801795,0.35161167725161,0.527,0.509,1,"Numb","KO_vs_WT"
0.00143834691918289,-0.471064287771259,0.07,0.1,1,"Mrgpra2a","KO_vs_WT"
0.00151007188405442,-0.255283151254208,0.121,0.158,1,"Mettl6","KO_vs_WT"
0.00154833551178977,-0.300603163107423,0.093,0.126,1,"Plcl2","KO_vs_WT"
0.00156282517520081,0.515044704747067,0.284,0.254,1,"Mkrn1","KO_vs_WT"
0.00161267563133926,-0.269025010275107,0.074,0.104,1,"Igfbp2","KO_vs_WT"
0.00166044597634624,0.448521959221788,0.25,0.217,1,"Tubb5","KO_vs_WT"
0.00167725830850191,0.702711505733982,0.135,0.104,1,"Sirpb1b","KO_vs_WT"
0.00169883034323335,-0.260960033113975,0.494,0.54,1,"Hdc","KO_vs_WT"
0.00172592713850196,0.693441433801899,0.148,0.117,1,"Wasl","KO_vs_WT"
0.00177159153087891,0.453209407775672,0.315,0.285,1,"Pten","KO_vs_WT"
0.00178539332262176,-0.38599268178626,0.141,0.181,1,"Clasp1","KO_vs_WT"
0.00181050517312904,0.428528144244308,0.186,0.152,1,"Tgfbi","KO_vs_WT"
0.00184563358471875,0.316455024320761,0.466,0.455,1,"Eif5a","KO_vs_WT"
0.00189437823115558,0.332920139619116,0.448,0.427,1,"Igsf6","KO_vs_WT"
0.00191786441277419,0.369722027736533,0.38,0.354,1,"Ssu72","KO_vs_WT"
0.00193934263335671,-0.435159525963942,0.089,0.12,1,"Dram1","KO_vs_WT"
0.0019501634768482,-0.33379047553878,0.194,0.238,1,"Slc44a1","KO_vs_WT"
0.00196435011780927,-0.351240559113096,0.13,0.166,1,"Itprid2","KO_vs_WT"
0.0019693516299622,-0.285170557862588,0.08,0.11,1,"Luzp1","KO_vs_WT"
0.00198251065644624,-0.317956859373636,0.114,0.15,1,"Lrrc59","KO_vs_WT"
0.00202072770040477,-0.521574636830654,0.078,0.106,1,"Sfmbt1","KO_vs_WT"
0.00203716022555697,-0.318131294314333,0.146,0.185,1,"Raph1","KO_vs_WT"
0.00204000042482587,-0.281571521916456,0.142,0.181,1,"Lysmd3","KO_vs_WT"
0.0020601737728131,0.629709901541224,0.177,0.146,1,"Lats2","KO_vs_WT"
0.00207194926312968,0.275319129914098,0.475,0.45,1,"Bach1","KO_vs_WT"
0.00209619784374414,0.79632552181232,0.156,0.125,1,"Tmem59","KO_vs_WT"
0.00225347495844499,-0.364796558377944,0.076,0.106,1,"Pip4p1","KO_vs_WT"
0.00228226306633401,0.348836624153173,0.321,0.288,1,"Rsrp1","KO_vs_WT"
0.00229019902552212,-0.298804323101386,0.185,0.228,1,"Csrnp1","KO_vs_WT"
0.00229091864587268,-0.42729932596405,0.101,0.134,1,"Pmaip1","KO_vs_WT"
0.00235170011727248,0.984268470377536,0.104,0.077,1,"Oxr1","KO_vs_WT"
0.00236172467560275,0.290787378394133,0.509,0.499,1,"Grb2","KO_vs_WT"
0.00242834425189565,0.725843615303241,0.151,0.122,1,"Adssl1","KO_vs_WT"
0.00242900934440681,0.373037242733289,0.404,0.387,1,"Oga","KO_vs_WT"
0.00243515332008731,0.511379749599455,0.259,0.23,1,"Fkbp15","KO_vs_WT"
0.00247570411366776,-0.317228155806739,0.078,0.108,1,"Lfng","KO_vs_WT"
0.00267836281345627,0.525841532695086,0.186,0.154,1,"Maml3","KO_vs_WT"
0.00268063860818061,0.328445175372861,0.333,0.302,1,"Adam8","KO_vs_WT"
0.00283435394424195,-0.543229936719132,0.13,0.166,1,"Gm26917","KO_vs_WT"
0.0028885325018478,0.521739908212761,0.198,0.166,1,"Urah","KO_vs_WT"
0.00289693181782682,0.878178482687718,0.166,0.138,1,"Specc1","KO_vs_WT"
0.00290164011694646,0.583825766246747,0.146,0.115,1,"Fryl","KO_vs_WT"
0.00292586078104831,-0.306221413451478,0.172,0.211,1,"Hipk1","KO_vs_WT"
0.00294564433117651,0.449732546829803,0.234,0.201,1,"Grik3","KO_vs_WT"
0.00302646361638106,0.264090789096122,0.504,0.505,1,"Rps17","KO_vs_WT"
0.00307759600688228,0.354400730159125,0.411,0.387,1,"Myo1f","KO_vs_WT"
0.00315824293237917,-0.495251599525615,0.081,0.11,1,"Pim3","KO_vs_WT"
0.00320700083418556,-0.485726124167256,0.075,0.102,1,"Mtf2","KO_vs_WT"
0.00322538009486674,-0.455917334795373,0.132,0.166,1,"Mdfic","KO_vs_WT"
0.00325567190268041,0.45763935486821,0.242,0.211,1,"Ube2r2","KO_vs_WT"
0.00326365876464125,0.386855685068883,0.285,0.256,1,"Emilin2","KO_vs_WT"
0.00326813140488187,-0.301908640784852,0.222,0.266,1,"Ctsc","KO_vs_WT"
0.00331435390468458,0.298408290969271,0.488,0.493,1,"Rpl29","KO_vs_WT"
0.00337083668668988,0.410574059075235,0.307,0.281,1,"Rlf","KO_vs_WT"
0.00339383658804697,0.481085636692087,0.249,0.22,1,"Lmo7","KO_vs_WT"
0.00339639505358361,0.407475133448059,0.222,0.189,1,"Coro1a","KO_vs_WT"
0.0034575018611791,0.2722618244385,0.576,0.567,1,"Rybp","KO_vs_WT"
0.00368999244060168,-0.352258512789316,0.073,0.1,1,"Plet1os","KO_vs_WT"
0.00370848284664255,0.320939119350156,0.441,0.421,1,"Alas1","KO_vs_WT"
0.00372248039829355,0.336270210200365,0.263,0.229,1,"Mirt2","KO_vs_WT"
0.00379838071641257,0.469222027428291,0.254,0.224,1,"Plekhf2","KO_vs_WT"
0.00380020596707667,-0.2596142205353,0.127,0.161,1,"Hspd1","KO_vs_WT"
0.00385775676234681,-0.278558079295574,0.109,0.141,1,"Lamtor3","KO_vs_WT"
0.00387093477080357,0.457511200233834,0.183,0.152,1,"Slc40a1","KO_vs_WT"
0.0038843669956827,-0.366007010966671,0.11,0.143,1,"P4ha1","KO_vs_WT"
0.00390043184022166,0.519125487943968,0.176,0.145,1,"Fam110a","KO_vs_WT"
0.00391642122193199,0.77071216508895,0.114,0.087,1,"Maf1","KO_vs_WT"
0.00392469443959167,0.650414667606336,0.13,0.101,1,"Cyb5r4","KO_vs_WT"
0.0039972653712917,0.631427219488412,0.128,0.1,1,"Asph","KO_vs_WT"
0.00403708681422262,0.401588002170338,0.295,0.268,1,"Ski","KO_vs_WT"
0.00405735414307535,-0.507327644995659,0.089,0.119,1,"Cblb","KO_vs_WT"
0.00408668123270167,0.512286322841009,0.217,0.185,1,"Cdc42se1","KO_vs_WT"
0.00411684649168382,-0.407091126737939,0.095,0.125,1,"Ccr5","KO_vs_WT"
0.0041756384885754,-0.341033637461201,0.116,0.149,1,"Myo9a","KO_vs_WT"
0.00417927568301029,-0.323364927600266,0.117,0.151,1,"1600020E01Rik","KO_vs_WT"
0.00435943846363441,-0.34711561811309,0.079,0.107,1,"Hp","KO_vs_WT"
0.00446858859816575,-0.280929184370266,0.12,0.154,1,"Gramd1b","KO_vs_WT"
0.00450393766031398,0.733088806184057,0.104,0.079,1,"Pdhb","KO_vs_WT"
0.00453657666513114,-0.375704609018827,0.166,0.203,1,"Gucy2c","KO_vs_WT"
0.00462077582897154,0.584256556915923,0.139,0.111,1,"Dap","KO_vs_WT"
0.00470854367164442,0.417849428105072,0.234,0.204,1,"Ppp1r18","KO_vs_WT"
0.0047522075598277,0.259081082201837,0.484,0.468,1,"Lrrfip1","KO_vs_WT"
0.00476637273555481,0.45557795435722,0.148,0.119,1,"Tjp2","KO_vs_WT"
0.00478011380492513,0.681421101135298,0.159,0.131,1,"Tuba1b","KO_vs_WT"
0.00480649262484756,-0.446389019260455,0.083,0.112,1,"Chil3","KO_vs_WT"
0.00482778084217872,0.482805571438941,0.232,0.203,1,"Sumo1","KO_vs_WT"
0.00505650909725625,0.479323129619034,0.203,0.172,1,"Lypd3","KO_vs_WT"
0.00511621661764206,0.532100939095265,0.199,0.169,1,"Gpatch8","KO_vs_WT"
0.00523496569998955,0.586220547490062,0.11,0.083,1,"Rpl10-ps3","KO_vs_WT"
0.0052827806659923,-0.304991483379173,0.101,0.131,1,"Ikbkb","KO_vs_WT"
0.00529271613011001,-0.339705950026727,0.132,0.167,1,"Cdk14","KO_vs_WT"
0.00537179001988918,-0.367104905608306,0.222,0.258,1,"Anxa5","KO_vs_WT"
0.00542383127871814,0.308402927315292,0.505,0.493,1,"Retreg1","KO_vs_WT"
0.005455449678926,-0.349265740393303,0.081,0.109,1,"Lrrc8c","KO_vs_WT"
0.00546573264282953,-0.263270761280724,0.21,0.25,1,"Nsa2","KO_vs_WT"
0.0055667471297596,0.520231178137834,0.201,0.173,1,"Dynlrb1","KO_vs_WT"
0.0056439022102362,0.576505547200796,0.199,0.171,1,"Srp14","KO_vs_WT"
0.00579763418854778,0.406846972824657,0.196,0.165,1,"Aim2","KO_vs_WT"
0.00580109622045062,0.508077946844672,0.249,0.223,1,"Eif3k","KO_vs_WT"
0.00581537945671732,0.641847861910801,0.14,0.113,1,"Hras","KO_vs_WT"
0.00582361399473982,0.462792613832008,0.144,0.115,1,"Sipa1l2","KO_vs_WT"
0.0059110504974687,0.632619744467849,0.121,0.095,1,"Arap2","KO_vs_WT"
0.00596269229382472,0.363535844475531,0.419,0.405,1,"Rtn3","KO_vs_WT"
0.00602136600035856,0.645901855261511,0.132,0.106,1,"Sprr2h","KO_vs_WT"
0.00604381889019798,0.46523247926304,0.202,0.172,1,"Prkcb","KO_vs_WT"
0.00605646997758661,0.347008814097711,0.197,0.165,1,"Nek6","KO_vs_WT"
0.00612405879185969,0.506146734189844,0.13,0.104,1,"Tnrc18","KO_vs_WT"
0.00618018581298449,0.331110689854336,0.384,0.36,1,"Mreg","KO_vs_WT"
0.00630992092662802,-0.433477977454916,0.074,0.101,1,"A630001O12Rik","KO_vs_WT"
0.00637326636119914,0.608482286128174,0.107,0.082,1,"Ccnf","KO_vs_WT"
0.00639235042020387,-0.267080901080701,0.083,0.111,1,"Snx12","KO_vs_WT"
0.00639893135851576,0.410404713682016,0.27,0.241,1,"Slc43a2","KO_vs_WT"
0.00645429905625686,0.671324545067957,0.132,0.106,1,"Gpc1","KO_vs_WT"
0.00663983672246529,-0.304575326955902,0.169,0.205,1,"Schip1","KO_vs_WT"
0.0066872425635473,-0.270812877428468,0.174,0.21,1,"Filip1l","KO_vs_WT"
0.00675428663575099,0.316508820017494,0.365,0.345,1,"Polr1d","KO_vs_WT"
0.00675638594259628,0.516396732509493,0.142,0.115,1,"Gm19951","KO_vs_WT"
0.00675668569107587,-0.447171091564806,0.228,0.268,1,"Ripor2","KO_vs_WT"
0.00683659406131813,-0.254018438176902,0.098,0.128,1,"Bst1","KO_vs_WT"
0.00692789148974822,0.276648771833504,0.568,0.58,1,"Baz2b","KO_vs_WT"
0.00695268646586234,-0.430906518495484,0.089,0.116,1,"Ahr","KO_vs_WT"
0.00716589985198653,0.413138295068445,0.236,0.207,1,"Gm4107","KO_vs_WT"
0.00729051193919038,0.614128577764377,0.108,0.083,1,"Trp53bp2","KO_vs_WT"
0.00769396792647589,0.626844218167754,0.109,0.085,1,"Cops6","KO_vs_WT"
0.00775527485174589,-0.251545907322841,0.114,0.144,1,"Ctdp1","KO_vs_WT"
0.00785088994711096,0.41794751483771,0.192,0.164,1,"Fli1","KO_vs_WT"
0.00808418801544084,0.420488162108387,0.267,0.242,1,"Brk1","KO_vs_WT"
0.00815959522207294,0.460112665286945,0.305,0.287,1,"Slfn1","KO_vs_WT"
0.00845867734223875,-0.305908906433459,0.105,0.134,1,"Ccdc50","KO_vs_WT"
0.00869587910560023,0.460132463602873,0.242,0.213,1,"Csnk2b","KO_vs_WT"
0.00874437037573454,0.416833668257082,0.298,0.276,1,"Dsp","KO_vs_WT"
0.00930290400475605,0.331879944136855,0.4,0.387,1,"Rhog","KO_vs_WT"
0.0095520499870697,0.392765517179861,0.41,0.401,1,"Odc1","KO_vs_WT"
0.00993756400614929,-0.254550677382841,0.112,0.142,1,"Gm21188","KO_vs_WT"
0.0100062435128309,-0.306886074746218,0.077,0.102,1,"Upf1","KO_vs_WT"
0.0101045882440133,0.37036937224703,0.386,0.37,1,"Btbd9","KO_vs_WT"
0.0102556488391031,0.575201026803987,0.102,0.079,1,"Ing4","KO_vs_WT"
0.0103143849876964,0.398002694764832,0.299,0.277,1,"Mbd2","KO_vs_WT"
0.0105757852295474,0.294902554594072,0.433,0.424,1,"Wdr26","KO_vs_WT"
0.0112407160401736,-0.277355281200995,0.077,0.102,1,"P2ry2","KO_vs_WT"
0.0112778587598033,-0.329911866478878,0.113,0.141,1,"Sestd1","KO_vs_WT"
0.0112959463231659,0.280194591357884,0.477,0.46,1,"Gnaq","KO_vs_WT"
0.0115758507690878,0.326121626606986,0.427,0.426,1,"Gnb2","KO_vs_WT"
0.0118500751229665,0.27475786632388,0.419,0.409,1,"Rab11a","KO_vs_WT"
0.0118983239605032,0.564541618319881,0.15,0.125,1,"Vamp3","KO_vs_WT"
0.0121788673038853,0.365639731336483,0.337,0.317,1,"Tcp11l2","KO_vs_WT"
0.0124767216430157,0.508571086000238,0.144,0.12,1,"H2-Eb1","KO_vs_WT"
0.0126991225890421,0.522679547887176,0.489,0.505,1,"Ccl6","KO_vs_WT"
0.0139368116173672,0.674338718046376,0.135,0.112,1,"Rnf7","KO_vs_WT"
0.0144171099513654,0.272318904168188,0.277,0.249,1,"Chka","KO_vs_WT"
0.0144636683724662,0.339433250847493,0.319,0.296,1,"Col4a3bp","KO_vs_WT"
0.0150408134972527,0.27882143988191,0.44,0.427,1,"Cited2","KO_vs_WT"
0.01513443538209,0.324757737819969,0.402,0.394,1,"Ppp2ca","KO_vs_WT"
0.0154778444654007,-0.328021372329269,0.095,0.12,1,"Snhg1","KO_vs_WT"
0.0155884624598774,0.402478537925344,0.237,0.213,1,"Igf2r","KO_vs_WT"
0.0157306348080533,0.587828474742836,0.166,0.143,1,"Anxa8","KO_vs_WT"
0.0158256495557526,0.266232373971892,0.618,0.622,1,"Rps6ka2","KO_vs_WT"
0.0164948527284603,0.498472224630345,0.266,0.246,1,"1810037I17Rik","KO_vs_WT"
0.0168936045596629,0.405461453528406,0.211,0.188,1,"Smad7","KO_vs_WT"
0.0169299450801386,0.271025556715148,0.455,0.449,1,"Ftl1-ps1","KO_vs_WT"
0.0178609116754679,0.322108800673977,0.339,0.321,1,"Gabarapl2","KO_vs_WT"
0.0179296030283417,-0.281739850757189,0.3,0.339,1,"Wfdc21","KO_vs_WT"
0.0183796333721882,0.378473904454022,0.293,0.274,1,"Fxyd3","KO_vs_WT"
0.0185161560368909,0.538453139844147,0.134,0.111,1,"Kif13b","KO_vs_WT"
0.0186067225236477,0.314294609127872,0.344,0.329,1,"Scand1","KO_vs_WT"
0.0187821920189122,0.384326338602718,0.307,0.288,1,"Rbm47","KO_vs_WT"
0.0189074258503486,0.274355404298876,0.439,0.429,1,"Capza1","KO_vs_WT"
0.0193394721150866,0.483417946389967,0.176,0.151,1,"Mknk2","KO_vs_WT"
0.0194145715583013,-0.282952038910498,0.086,0.109,1,"Ddx54","KO_vs_WT"
0.0196925024068348,0.439903124536279,0.268,0.247,1,"Uhrf1bp1l","KO_vs_WT"
0.0202056251196693,0.434151193612593,0.254,0.232,1,"Arpc4","KO_vs_WT"
0.0205185387916896,0.43176125347988,0.204,0.179,1,"Rngtt","KO_vs_WT"
0.0206565069166776,0.2872026031823,0.373,0.359,1,"Slc31a2","KO_vs_WT"
0.0213745953511234,0.615813193479988,0.117,0.096,1,"Mpc2","KO_vs_WT"
0.021429892238715,0.407433420996541,0.283,0.263,1,"Pnp","KO_vs_WT"
0.0214442019119655,0.395117688273349,0.361,0.348,1,"Fam49b","KO_vs_WT"
0.0216605831069083,-0.29858046158559,0.101,0.124,1,"Atp11c","KO_vs_WT"
0.0219157927477834,0.398689520657039,0.274,0.254,1,"Atp11b","KO_vs_WT"
0.0227181449764028,0.285127955277704,0.39,0.375,1,"Smim3","KO_vs_WT"
0.0227971242059143,0.682180962821291,0.119,0.098,1,"BC005561","KO_vs_WT"
0.022815537682907,-0.287853209850743,0.091,0.114,1,"Eny2","KO_vs_WT"
0.0235751763091523,0.529408141500904,0.207,0.187,1,"Tma7","KO_vs_WT"
0.0235833861875158,-0.263725025049474,0.096,0.12,1,"Fam214b","KO_vs_WT"
0.0239037670821242,0.455111219037846,0.227,0.205,1,"Tkt","KO_vs_WT"
0.0247994006129124,0.546773477363514,0.135,0.113,1,"Cass4","KO_vs_WT"
0.0249574208588395,0.510989849116349,0.146,0.125,1,"Rhof","KO_vs_WT"
0.0254019172448807,0.430389244325722,0.234,0.214,1,"Ssr4","KO_vs_WT"
0.0258817721615789,0.327290721402998,0.361,0.343,1,"Med13l","KO_vs_WT"
0.0261691703545378,0.432624665106336,0.187,0.164,1,"Tmem33","KO_vs_WT"
0.0274001737917557,-0.346862801187262,0.553,0.584,1,"Wfdc17","KO_vs_WT"
0.0274806383082706,0.412495061477256,0.171,0.149,1,"Samhd1","KO_vs_WT"
0.0282474191557779,0.540636924114106,0.13,0.109,1,"Fbxo28","KO_vs_WT"
0.0284334908272645,0.612212345605067,0.164,0.143,1,"Zfp36l2","KO_vs_WT"
0.0285359645573074,0.457926253670044,0.178,0.154,1,"Ranbp9","KO_vs_WT"
0.0286060419029855,0.375636710652747,0.114,0.093,1,"Arhgap18","KO_vs_WT"
0.0286651875974864,0.258126422158881,0.365,0.351,1,"Clec4n","KO_vs_WT"
0.0287725358307986,0.393888464205841,0.137,0.115,1,"Pcgf5","KO_vs_WT"
0.0290294345866441,0.523627324598519,0.211,0.192,1,"Ep300","KO_vs_WT"
0.0292843217081526,0.359360356713973,0.189,0.165,1,"Sp3","KO_vs_WT"
0.0293707237907256,0.52474666753911,0.169,0.148,1,"Edem1","KO_vs_WT"
0.029494996083164,-0.315577319847322,0.111,0.134,1,"Exoc6b","KO_vs_WT"
0.0295766722501655,-0.258079202275634,0.085,0.107,1,"Dnajc21","KO_vs_WT"
0.0307085309031301,0.666714741573353,0.127,0.107,1,"Actr10","KO_vs_WT"
0.0313092552846276,0.344926208919865,0.126,0.104,1,"Aph1c","KO_vs_WT"
0.031340036426851,0.597550174062769,0.114,0.094,1,"Capn2","KO_vs_WT"
0.0316890642741538,-0.376267409840613,0.084,0.105,1,"Hmgn5","KO_vs_WT"
0.0317146461525968,0.65353959454582,0.111,0.091,1,"Polr2c","KO_vs_WT"
0.0318864840964394,-0.358886293378156,0.094,0.116,1,"Smc1a","KO_vs_WT"
0.0319854320205646,0.475038590992294,0.236,0.218,1,"Gtf2a1","KO_vs_WT"
0.0322318356079099,0.326870813999379,0.433,0.429,1,"Elob","KO_vs_WT"
0.0332373712353934,0.532964118756516,0.131,0.111,1,"Serpinb6a","KO_vs_WT"
0.0335161510011075,0.43926478098759,0.123,0.102,1,"Mgat4a","KO_vs_WT"
0.0338239191613537,0.304815282771779,0.113,0.092,1,"Hspbap1","KO_vs_WT"
0.0338541278960332,0.348118451910386,0.329,0.317,1,"Aldoa","KO_vs_WT"
0.0339366686756106,0.524459557349263,0.22,0.198,1,"Adgre1","KO_vs_WT"
0.034586199745806,0.549793828610735,0.113,0.094,1,"Add1","KO_vs_WT"
0.0345939587149089,0.617809096012218,0.114,0.096,1,"Cd37","KO_vs_WT"
0.0352263343187792,0.257204619852586,0.409,0.404,1,"Grina","KO_vs_WT"
0.0358235799630771,0.615668754980548,0.146,0.126,1,"Rreb1","KO_vs_WT"
0.035991649206596,0.551354806819975,0.131,0.111,1,"Avpi1","KO_vs_WT"
0.0361423728387992,0.262371289873798,0.441,0.44,1,"Clk1","KO_vs_WT"
0.036529640977392,0.518135555179655,0.129,0.109,1,"Fopnl","KO_vs_WT"
0.0372334740707387,0.312495854437139,0.396,0.393,1,"Hbp1","KO_vs_WT"
0.037528216430154,0.419187224356115,0.234,0.215,1,"Kdm2a","KO_vs_WT"
0.0377518063098453,0.67620567021644,0.104,0.087,1,"Pold4","KO_vs_WT"
0.0379935732340231,0.604960052235503,0.101,0.083,1,"Cds2","KO_vs_WT"
0.0380164520743456,0.330712238811867,0.431,0.432,1,"Ptp4a2","KO_vs_WT"
0.0380694124979703,0.371065237855054,0.15,0.128,1,"Casp3","KO_vs_WT"
0.0401011986455823,0.382417603833463,0.155,0.134,1,"Hmgcs1","KO_vs_WT"
0.0402935809314679,0.404117963777061,0.207,0.185,1,"Rnf144a","KO_vs_WT"
0.0412929319488277,0.511167045440923,0.125,0.106,1,"Dctn3","KO_vs_WT"
0.0413373137980177,-0.284285338473276,0.137,0.161,1,"Cyth3","KO_vs_WT"
0.0415987659780689,0.502580515299361,0.136,0.116,1,"Ikbkg","KO_vs_WT"
0.0421407300969228,0.457461996738311,0.191,0.172,1,"Snu13","KO_vs_WT"
0.0423176657626458,0.493792364033615,0.148,0.128,1,"Chp1","KO_vs_WT"
0.0430289165145622,0.389174177361715,0.233,0.217,1,"Shisa5","KO_vs_WT"
0.0435742459577104,0.504155433951268,0.117,0.099,1,"Atp10a","KO_vs_WT"
0.044107641948928,-0.276404566797579,0.099,0.12,1,"Sms","KO_vs_WT"
0.0443212451672336,0.349616706542755,0.237,0.217,1,"R3hdm2","KO_vs_WT"
0.0450439449836311,0.474140300940323,0.102,0.084,1,"Ccser2","KO_vs_WT"
0.0452577952664079,0.280837173539594,0.198,0.177,1,"Acta2","KO_vs_WT"
0.0458820576370981,1.27962839904636,0.168,0.149,1,"Rbp1","KO_vs_WT"
0.0462301913685733,0.432963482996564,0.196,0.177,1,"Dock11","KO_vs_WT"
0.0463455019449444,0.254287926082354,0.381,0.37,1,"Chic2","KO_vs_WT"
0.0465351784660532,0.772650705044983,0.113,0.096,1,"Etnk1","KO_vs_WT"
0.0472837381650894,0.396591483099543,0.108,0.09,1,"Ly6c2","KO_vs_WT"
0.0478756039087899,0.289459443900908,0.336,0.323,1,"Hcls1","KO_vs_WT"
0.0479871432853127,0.53975827940109,0.148,0.13,1,"Zfp148","KO_vs_WT"
0.0480089745861829,0.383054309095299,0.128,0.109,1,"Zfp292","KO_vs_WT"
0.048801501807045,0.43756668683473,0.259,0.243,1,"Zfand6","KO_vs_WT"
0.0490906109867013,0.300172476259546,0.213,0.195,1,"2310001H17Rik","KO_vs_WT"
0.0491725489150163,0.789215758018681,0.1,0.084,1,"Ten1","KO_vs_WT"
0.0498527237518723,0.587459164969639,0.141,0.123,1,"Mien1","KO_vs_WT"
0.0507044277189001,0.301874453703928,0.236,0.217,1,"Il1r2","KO_vs_WT"
0.0511904994448456,0.414469626830376,0.187,0.171,1,"Ralgapa1","KO_vs_WT"
0.0516068530032829,0.456970167127897,0.18,0.162,1,"Aftph","KO_vs_WT"
0.0518480512440953,0.528943462087069,0.121,0.103,1,"Ttc7b","KO_vs_WT"
0.0518597333214482,0.525523703250343,0.116,0.099,1,"Gm20528","KO_vs_WT"
0.0525098478849165,-0.309242089511455,0.109,0.131,1,"Spred1","KO_vs_WT"
0.0537143309332287,0.331036895380084,0.195,0.175,1,"Wdr33","KO_vs_WT"
0.0540910439616367,0.352341627980346,0.17,0.15,1,"Dsg3","KO_vs_WT"
0.054163872900496,0.38573596267466,0.103,0.085,1,"Rassf3","KO_vs_WT"
0.0542027622460735,0.857227913598741,0.325,0.311,1,"Cst3","KO_vs_WT"
0.0543275395551097,0.416133672625971,0.197,0.178,1,"Fam114a1","KO_vs_WT"
0.0548122382989418,0.442578865057716,0.12,0.102,1,"Rnf4","KO_vs_WT"
0.0553147311375901,0.282552475088407,0.343,0.334,1,"Psma3","KO_vs_WT"
0.0554170698841439,0.322822370734654,0.327,0.316,1,"Ctnnb1","KO_vs_WT"
0.0559648689413177,-0.280981764373575,0.156,0.179,1,"Prdm1","KO_vs_WT"
0.0562625189469143,0.497435307869371,0.208,0.191,1,"Tapbp","KO_vs_WT"
0.0567683606748685,0.395891501207843,0.231,0.214,1,"Slk","KO_vs_WT"
0.0568980926133136,0.479193482318744,0.155,0.135,1,"Vti1a","KO_vs_WT"
0.0571722104687988,0.466463361213752,0.18,0.161,1,"Bag1","KO_vs_WT"
0.0571937839666422,-0.285947813990002,0.099,0.119,1,"Ube3a","KO_vs_WT"
0.0572296451396356,0.388823905911356,0.175,0.155,1,"Stk4","KO_vs_WT"
0.0572390108227837,0.359502172535766,0.222,0.205,1,"Mcemp1","KO_vs_WT"
0.0576722327899101,0.325784189370326,0.238,0.22,1,"Tbc1d23","KO_vs_WT"
0.0578717983264019,0.53023794913654,0.101,0.085,1,"Gltp","KO_vs_WT"
0.0583249853410317,0.375673373812452,0.254,0.238,1,"Derl1","KO_vs_WT"
0.0588177668108133,0.373830384046563,0.264,0.25,1,"Gsk3b","KO_vs_WT"
0.0593287814514476,0.465654638716551,0.22,0.203,1,"Capns1","KO_vs_WT"
0.0596558734109144,0.268179747765582,0.487,0.512,1,"Rpsa","KO_vs_WT"
0.0600115490730665,0.276477008102847,0.355,0.349,1,"Psma2","KO_vs_WT"
0.0600524892404753,0.444376650524901,0.138,0.12,1,"Arl2bp","KO_vs_WT"
0.0611787023303679,0.323115974671791,0.35,0.347,1,"1810013L24Rik","KO_vs_WT"
0.0611957077430083,0.257243714037631,0.416,0.413,1,"Gnai3","KO_vs_WT"
0.0636727651865523,0.314719696091312,0.333,0.321,1,"Cldn7","KO_vs_WT"
0.0648546121061023,0.275180134913654,0.322,0.31,1,"Cdk17","KO_vs_WT"
0.0660190376644154,0.366311102052393,0.324,0.315,1,"Elf2","KO_vs_WT"
0.0660607585534787,0.372771219713648,0.286,0.273,1,"Snx3","KO_vs_WT"
0.0665786635291985,0.250565054983318,0.162,0.142,1,"Zeb1","KO_vs_WT"
0.0670290107426172,0.389753960821943,0.191,0.174,1,"Nrbp1","KO_vs_WT"
0.0674476199810508,0.261247178466371,0.323,0.311,1,"Cyth4","KO_vs_WT"
0.0679762347179886,0.436028977173258,0.213,0.195,1,"Ndufa7","KO_vs_WT"
0.0699491898077739,0.400842702500607,0.145,0.128,1,"Zfp106","KO_vs_WT"
0.070262521497442,0.342600752934408,0.268,0.253,1,"Uqcrh","KO_vs_WT"
0.0704930809333931,0.448717010277375,0.136,0.118,1,"Mark3","KO_vs_WT"
0.070755433086903,0.423599657965908,0.149,0.132,1,"Atp6v0a1","KO_vs_WT"
0.0711351159245529,0.533832349513348,0.17,0.154,1,"Eps15","KO_vs_WT"
0.0716180170959305,0.437082769729259,0.139,0.121,1,"Cope","KO_vs_WT"
0.0722370125793516,0.422578424564633,0.105,0.089,1,"Pcmtd1","KO_vs_WT"
0.0724097943715307,0.306267446624144,0.32,0.311,1,"Arfgef1","KO_vs_WT"
0.0732985285980861,0.495514157974148,0.135,0.117,1,"Ndufs6","KO_vs_WT"
0.0740493335171775,0.346324362560374,0.238,0.221,1,"Dip2b","KO_vs_WT"
0.0746351756472205,0.339029929770587,0.229,0.213,1,"Psmb5","KO_vs_WT"
0.0753569015217859,0.274021483667551,0.395,0.389,1,"Ndfip2","KO_vs_WT"
0.0753767114123504,0.277904162740102,0.155,0.136,1,"B430306N03Rik","KO_vs_WT"
0.076292118584915,0.393358827287381,0.242,0.228,1,"Glipr1","KO_vs_WT"
0.0775781610590106,0.354054427685073,0.611,0.626,1,"Dock10","KO_vs_WT"
0.0790925040134312,0.400324789366447,0.122,0.106,1,"Wbp1l","KO_vs_WT"
0.0801962610924486,0.398964160814844,0.125,0.11,1,"Junos","KO_vs_WT"
0.0804065934435301,0.414261895851338,0.313,0.305,1,"Txnip","KO_vs_WT"
0.0811900794794049,0.274091557230636,0.427,0.435,1,"Actr2","KO_vs_WT"
0.0817046935578885,0.528637897730275,0.103,0.087,1,"Mfsd6","KO_vs_WT"
0.0819923450508651,0.463816875741364,0.174,0.157,1,"Chmp5","KO_vs_WT"
0.0826170120538802,0.294279660805273,0.193,0.176,1,"Dok3","KO_vs_WT"
0.083002766967916,0.378330586646008,0.136,0.119,1,"Wdfy2","KO_vs_WT"
0.0836778078979432,-0.265477142554065,0.132,0.152,1,"Arhgap10","KO_vs_WT"
0.0837461031877675,0.317115817951795,0.385,0.379,1,"Mthfs","KO_vs_WT"
0.0847829365453329,0.456473931753107,0.15,0.134,1,"Atg101","KO_vs_WT"
0.0857179510278372,0.350768316674288,0.152,0.134,1,"Fbxw7","KO_vs_WT"
0.0857409599161983,0.288182545997407,0.421,0.424,1,"Dazap2","KO_vs_WT"
0.0869932050919699,0.542782128750572,0.238,0.229,1,"Ghitm","KO_vs_WT"
0.0871692607025547,0.322087704618747,0.106,0.126,1,"Tmem256","KO_vs_WT"
0.0883019410830688,0.403203513516706,0.263,0.252,1,"1810058I24Rik","KO_vs_WT"
0.0885027212782249,0.281210288771195,0.195,0.179,1,"Smap2","KO_vs_WT"
0.0887221056823552,0.347728795610204,0.134,0.117,1,"Gpr35","KO_vs_WT"
0.0891198494151424,0.26499838267732,0.222,0.206,1,"Pnpla7","KO_vs_WT"
0.0904878511910127,0.408474118326253,0.206,0.191,1,"Wbp11","KO_vs_WT"
0.0907807806383332,0.321476534878546,0.189,0.173,1,"Pfkfb3","KO_vs_WT"
0.091445303079776,0.348808479461241,0.247,0.236,1,"Blcap","KO_vs_WT"
0.0916699293450552,0.447703341227482,0.105,0.09,1,"Afdn","KO_vs_WT"
0.0920068116543111,0.331122444046582,0.276,0.266,1,"Ppp1r14b","KO_vs_WT"
0.0926170267444989,0.331411378377633,0.204,0.189,1,"Cd82","KO_vs_WT"
0.0931354423632825,0.563646944510689,0.128,0.114,1,"Vsir","KO_vs_WT"
0.0937360851424578,0.465534129500123,0.185,0.169,1,"Swi5","KO_vs_WT"
0.093737965376169,0.416381554514258,0.228,0.215,1,"Snrpb","KO_vs_WT"
0.0941602979263447,0.444725600711609,0.225,0.214,1,"Eaf1","KO_vs_WT"
0.0948074952972461,0.507190141930724,0.144,0.129,1,"Hnrnpul1","KO_vs_WT"
0.0949414161769897,0.403126856584177,0.127,0.112,1,"Rnasel","KO_vs_WT"
0.0953198358098611,0.302089462266503,0.103,0.087,1,"St14","KO_vs_WT"
0.0956368956267814,0.539741165272133,0.122,0.106,1,"Ndufc2","KO_vs_WT"
0.0963511527091134,0.417422281416089,0.127,0.112,1,"Necap2","KO_vs_WT"
0.0975026725584205,0.444323911497407,0.129,0.114,1,"Col17a1","KO_vs_WT"
0.0980186357008918,0.515743840561943,0.134,0.119,1,"Eprs","KO_vs_WT"
0.0987193921368673,0.304891093383306,0.227,0.214,1,"Ergic1","KO_vs_WT"
0.0990271099703766,0.588164575937356,0.14,0.125,1,"Tspan5","KO_vs_WT"
0.0997281511479889,0.267371170903967,0.1,0.085,1,"Rfx7","KO_vs_WT"
0.0998680138528527,0.660770346616296,0.1,0.085,1,"Sumo3","KO_vs_WT"
0.100549804227332,0.363006540170795,0.223,0.21,1,"Rtf2","KO_vs_WT"
0.100703616988039,0.409740808703348,0.223,0.21,1,"Tomm7","KO_vs_WT"
0.100710026532987,0.397735319717383,0.1,0.085,1,"Chac1","KO_vs_WT"
0.101895220480095,0.463619380785457,0.175,0.161,1,"Eapp","KO_vs_WT"
0.103855947781739,0.352171376630202,0.206,0.192,1,"Slu7","KO_vs_WT"
0.105522424724123,0.288342050034546,0.32,0.308,1,"Gnas","KO_vs_WT"
0.106075965275921,0.422882320244644,0.193,0.179,1,"Ctsh","KO_vs_WT"
0.106547919581145,0.343317189262987,0.169,0.152,1,"Phf21a","KO_vs_WT"
0.106890334018283,0.392051244474363,0.129,0.114,1,"Pgs1","KO_vs_WT"
0.107168352228479,0.460769521164662,0.151,0.138,1,"Gsn","KO_vs_WT"
0.108011604957909,0.252853604530953,0.345,0.341,1,"Tmem38b","KO_vs_WT"
0.111051718372099,0.268018587729171,0.127,0.112,1,"Lsp1","KO_vs_WT"
0.111511996272298,0.636577160339577,0.141,0.128,1,"Fis1","KO_vs_WT"
0.114269747506783,0.328289259512793,0.12,0.105,1,"Cyld","KO_vs_WT"
0.114547109296392,0.523004719721201,0.157,0.144,1,"Poldip3","KO_vs_WT"
0.115000101159346,0.280329815215673,0.14,0.124,1,"Anks1","KO_vs_WT"
0.117487018467544,0.375108719872042,0.152,0.137,1,"Tomm22","KO_vs_WT"
0.117493846804177,0.25167953169228,0.383,0.381,1,"Pdia3","KO_vs_WT"
0.117611473890298,0.483248074714677,0.15,0.136,1,"Haus8","KO_vs_WT"
0.118611920080805,0.596547701600607,0.1,0.087,1,"Prkag1","KO_vs_WT"
0.119229907333042,0.281010253267706,0.241,0.228,1,"Appbp2","KO_vs_WT"
0.11959787789018,0.42696974742453,0.119,0.104,1,"Dnajc7","KO_vs_WT"
0.120437057696277,-0.442830163595084,0.158,0.179,1,"Fyco1","KO_vs_WT"
0.121100766570641,0.299939284311056,0.217,0.204,1,"Tbc1d5","KO_vs_WT"
0.121677977242669,0.41054934199731,0.266,0.259,1,"Slc22a4","KO_vs_WT"
0.121985354662588,0.553434198487213,0.114,0.101,1,"Dhx36","KO_vs_WT"
0.122658025201876,0.336722998016986,0.101,0.087,1,"Pdlim1","KO_vs_WT"
0.122681830974036,0.363087369831813,0.245,0.236,1,"Ppib","KO_vs_WT"
0.123196089614649,0.266903085848737,0.265,0.256,1,"Vav1","KO_vs_WT"
0.123294168371673,0.545668078090858,0.174,0.162,1,"Arpc1a","KO_vs_WT"
0.125156629934399,0.382402738083542,0.105,0.091,1,"Fdps","KO_vs_WT"
0.126308105366734,0.301272064906176,0.17,0.154,1,"Arid1b","KO_vs_WT"
0.126314621762808,0.29755677013117,0.267,0.253,1,"Rab6a","KO_vs_WT"
0.127620359192622,0.459108874755479,0.118,0.104,1,"Kdelr2","KO_vs_WT"
0.129022003081438,0.267270328131329,0.25,0.237,1,"Bcl3","KO_vs_WT"
0.13106977696271,0.255239096812148,0.157,0.142,1,"Tox4","KO_vs_WT"
0.131163305724148,0.56901154905117,0.105,0.093,1,"Mrpl43","KO_vs_WT"
0.13154570087123,0.423758764354307,0.176,0.162,1,"Clec4a2","KO_vs_WT"
0.132992145977576,0.605511198600553,0.121,0.108,1,"Vps37a","KO_vs_WT"
0.133020417844486,0.3826183205533,0.103,0.089,1,"Prex1","KO_vs_WT"
0.13303555918105,0.455000183277207,0.116,0.103,1,"Rnf20","KO_vs_WT"
0.13334362446174,0.606670669458877,0.151,0.138,1,"Ndufb11","KO_vs_WT"
0.134033833651831,0.341015612480141,0.295,0.285,1,"Stat3","KO_vs_WT"
0.134530827471048,0.336349592889269,0.203,0.19,1,"Fermt3","KO_vs_WT"
0.135139067367617,0.432255521940767,0.192,0.181,1,"Scamp2","KO_vs_WT"
0.135142982806617,0.586013743879898,0.1,0.087,1,"Zbtb20","KO_vs_WT"
0.136474499624274,0.518348065131913,0.147,0.135,1,"Ap2s1","KO_vs_WT"
0.13664766237412,0.27609123290505,0.274,0.263,1,"Cyth1","KO_vs_WT"
0.136661044238931,0.338518864975973,0.202,0.189,1,"Tcf20","KO_vs_WT"
0.13762721174042,0.397229645984337,0.129,0.115,1,"Srsf9","KO_vs_WT"
0.14349362451304,0.477531305303049,0.102,0.09,1,"Swap70","KO_vs_WT"
0.144473638141255,0.349938334663948,0.196,0.181,1,"Peak1","KO_vs_WT"
0.14720038258029,0.529668639971245,0.124,0.111,1,"Akap10","KO_vs_WT"
0.147842324572425,0.272805009217688,0.218,0.206,1,"Epcam","KO_vs_WT"
0.147847018019166,0.313038125336688,0.151,0.137,1,"Ralbp1","KO_vs_WT"
0.14801527005792,0.295721908306599,0.113,0.1,1,"Slc16a6","KO_vs_WT"
0.148666114311164,0.31566000046353,0.233,0.219,1,"Srxn1","KO_vs_WT"
0.152524674034559,0.415233213118302,0.115,0.102,1,"Adipor2","KO_vs_WT"
0.1535849765541,0.367925059984923,0.164,0.152,1,"Jup","KO_vs_WT"
0.153744430182372,0.308496716010544,0.249,0.24,1,"Rps27l","KO_vs_WT"
0.153922915506848,0.302694130850963,0.131,0.116,1,"Sec14l1","KO_vs_WT"
0.153984536673358,0.295824916460093,0.125,0.111,1,"Fip1l1","KO_vs_WT"
0.155258173209324,0.377906290622023,0.248,0.239,1,"Rab31","KO_vs_WT"
0.157511010076239,0.277925416978539,0.185,0.172,1,"Rc3h2","KO_vs_WT"
0.15855318944473,0.51383391276688,0.109,0.097,1,"Secisbp2l","KO_vs_WT"
0.161820165298278,0.463838339778592,0.132,0.12,1,"Crtc3","KO_vs_WT"
0.161931801825747,-0.403353875362577,0.28,0.294,1,"Met","KO_vs_WT"
0.163115143014436,0.526539371742466,0.117,0.106,1,"Park7","KO_vs_WT"
0.164120342962869,0.833853175229699,0.34,0.334,1,"Arl6ip1","KO_vs_WT"
0.167545449929945,0.351402153682546,0.262,0.254,1,"Sppl3","KO_vs_WT"
0.167993409482921,0.434879833970609,0.167,0.156,1,"Atp5g2","KO_vs_WT"
0.168096009404756,0.361480155189278,0.119,0.106,1,"Macrod2","KO_vs_WT"
0.168390885498478,0.443590024958098,0.14,0.129,1,"Gpr84","KO_vs_WT"
0.16847419124388,0.446720598996454,0.106,0.094,1,"Vps35l","KO_vs_WT"
0.169580793416736,0.39617402356698,0.159,0.146,1,"Xpr1","KO_vs_WT"
0.1704150010252,0.320533074056359,0.354,0.359,1,"Pfdn5","KO_vs_WT"
0.170715927177007,0.441223696235431,0.196,0.186,1,"Gigyf2","KO_vs_WT"
0.171076931930903,0.33794142620229,0.1,0.089,1,"Sh2d5","KO_vs_WT"
0.172083746576106,0.44105793331945,0.103,0.091,1,"Smu1","KO_vs_WT"
0.172871925150604,0.420461758749222,0.213,0.203,1,"Smdt1","KO_vs_WT"
0.173638075477489,0.458907902745294,0.131,0.119,1,"Mpp7","KO_vs_WT"
0.174252529377805,0.394751369698532,0.182,0.17,1,"Tent2","KO_vs_WT"
0.174272398398915,0.318571518589599,0.287,0.285,1,"Rest","KO_vs_WT"
0.174463067248633,0.448400994934651,0.109,0.098,1,"Tpm2","KO_vs_WT"
0.175071981345993,0.343176061559217,0.126,0.114,1,"Amd1","KO_vs_WT"
0.175614016420976,0.335905806118058,0.18,0.168,1,"Sh3bp2","KO_vs_WT"
0.175906554312937,0.450409529144474,0.366,0.365,1,"Retnlg","KO_vs_WT"
0.178069712113482,0.353520478881242,0.108,0.096,1,"Srcap","KO_vs_WT"
0.18016611624855,0.446883305587852,0.1,0.089,1,"Rtraf","KO_vs_WT"
0.180585864770188,0.338601145479095,0.299,0.295,1,"Csf1","KO_vs_WT"
0.18110191731706,0.333082475726477,0.15,0.139,1,"Selplg","KO_vs_WT"
0.181423684343193,0.290569741673654,0.328,0.323,1,"Foxp1","KO_vs_WT"
0.181805884913924,0.470352636389813,0.169,0.158,1,"Mgat5","KO_vs_WT"
0.182566157659286,-0.335184044123551,0.119,0.134,1,"Ikzf1","KO_vs_WT"
0.183207523060546,0.342573412288961,0.229,0.219,1,"D8Ertd738e","KO_vs_WT"
0.185442774093921,0.420992808822224,0.152,0.141,1,"Mylip","KO_vs_WT"
0.186931342049904,0.350878137317476,0.11,0.099,1,"Rcsd1","KO_vs_WT"
0.187206419844439,0.303776956552476,0.11,0.097,1,"Mon2","KO_vs_WT"
0.188133779510888,0.25447005527232,0.318,0.313,1,"Aprt","KO_vs_WT"
0.18994177243204,0.349218740995436,0.137,0.125,1,"Serpinb5","KO_vs_WT"
0.190145891457391,0.288857750163396,0.207,0.195,1,"Treml4","KO_vs_WT"
0.190920922507496,0.462986313916002,0.146,0.135,1,"Sdf4","KO_vs_WT"
0.192788543211632,0.361163405746987,0.152,0.141,1,"Zfp706","KO_vs_WT"
0.194525516154559,0.34955174497926,0.332,0.328,1,"Crybg3","KO_vs_WT"
0.196343446420029,0.471721697261545,0.205,0.197,1,"Tmem167","KO_vs_WT"
0.197683044605268,0.310581561112374,0.172,0.162,1,"Hsd11b1","KO_vs_WT"
0.198964665761584,0.348543116940238,0.227,0.216,1,"Suz12","KO_vs_WT"
0.199084543568095,0.406697808171605,0.127,0.116,1,"Daam1","KO_vs_WT"
0.19969088525903,0.525005837218205,0.136,0.124,1,"Prdx2","KO_vs_WT"
0.201367225893377,0.48697907099306,0.127,0.116,1,"Ykt6","KO_vs_WT"
0.203738859040507,0.497111373652139,0.121,0.11,1,"Nup54","KO_vs_WT"
0.204603187442195,0.459111310280153,0.14,0.129,1,"Wdr89","KO_vs_WT"
0.205239018507758,0.35699457690996,0.247,0.242,1,"Rbm8a","KO_vs_WT"
0.205973004626988,-0.339472042086852,0.327,0.339,1,"Jarid2","KO_vs_WT"
0.207010093216206,0.402843239382356,0.156,0.146,1,"Tet3","KO_vs_WT"
0.212489120884078,0.344002226625691,0.104,0.093,1,"Ndufb5","KO_vs_WT"
0.212712786234874,0.28314711197193,0.292,0.289,1,"Smad4","KO_vs_WT"
0.215170663797877,0.519095718264794,0.146,0.135,1,"Snx13","KO_vs_WT"
0.215214806316776,0.418566339187226,0.188,0.179,1,"Psmb7","KO_vs_WT"
0.216090463080892,0.388778892518412,0.115,0.104,1,"Herc2","KO_vs_WT"
0.218193183197126,0.439578144226174,0.188,0.179,1,"Cct2","KO_vs_WT"
0.219542919676682,0.511075384161785,0.101,0.091,1,"Mrps33","KO_vs_WT"
0.21957633487536,0.283746881121916,0.146,0.134,1,"Cytip","KO_vs_WT"
0.221012385638836,0.287631466013725,0.113,0.102,1,"Ipo7","KO_vs_WT"
0.221743383282733,0.548581561010526,0.13,0.119,1,"Dnajc1","KO_vs_WT"
0.223303544770224,0.304817148820386,0.127,0.116,1,"Dnttip1","KO_vs_WT"
0.224242092995897,0.339565276756766,0.213,0.205,1,"Itga5","KO_vs_WT"
0.225748311087555,0.277009580449098,0.242,0.234,1,"Mbtd1","KO_vs_WT"
0.225793081959729,0.367845231105795,0.166,0.155,1,"Tnpo1","KO_vs_WT"
0.226008614748458,0.299591776459982,0.203,0.194,1,"Kdm5b","KO_vs_WT"
0.228068512669118,0.421039421675621,0.132,0.122,1,"Micu2","KO_vs_WT"
0.228454138370742,0.468449779425303,0.172,0.163,1,"Frrs1","KO_vs_WT"
0.230020957923893,0.493584178357071,0.12,0.11,1,"Ccz1","KO_vs_WT"
0.230369288466378,0.466956126713526,0.128,0.117,1,"Ndufs4","KO_vs_WT"
0.230504481402904,0.26921948365509,0.178,0.169,1,"Ddit3","KO_vs_WT"
0.231139146202024,0.334096367238016,0.18,0.171,1,"BC005624","KO_vs_WT"
0.231565359669429,0.538803430926572,0.1,0.091,1,"Cnot3","KO_vs_WT"
0.233796086388874,0.398244270922017,0.2,0.191,1,"Snx29","KO_vs_WT"
0.234921868303254,0.300001717657717,0.105,0.095,1,"Klhdc10","KO_vs_WT"
0.235518956144407,0.260946124206922,0.225,0.214,1,"Tbl1xr1","KO_vs_WT"
0.23594095536271,0.372393678703735,0.105,0.095,1,"Prkar2b","KO_vs_WT"
0.237903371897654,0.274105282182936,0.241,0.234,1,"Atxn1","KO_vs_WT"
0.240222694311403,0.317065596244155,0.127,0.116,1,"Agps","KO_vs_WT"
0.240664548799097,0.281845626391099,0.217,0.209,1,"Plec","KO_vs_WT"
0.244785965665601,0.381690906817408,0.15,0.14,1,"Supt16","KO_vs_WT"
0.245892172075049,0.255067164318366,0.262,0.256,1,"Snrpe","KO_vs_WT"
0.246843861782157,0.407701094973888,0.151,0.142,1,"Wfdc2","KO_vs_WT"
0.249154403426965,0.424043278647508,0.132,0.123,1,"Abhd5","KO_vs_WT"
0.249198328362059,0.439328048860401,0.112,0.102,1,"Ufc1","KO_vs_WT"
0.249369092184246,0.273727384191568,0.182,0.172,1,"Ppp2r1a","KO_vs_WT"
0.251449684445135,0.269728951227447,0.318,0.315,1,"Btbd7","KO_vs_WT"
0.251977152312552,0.414704613051057,0.156,0.148,1,"Mfsd14a","KO_vs_WT"
0.252216337853859,0.286370308133223,0.113,0.103,1,"Dcaf13","KO_vs_WT"
0.252736360328537,0.408289606197295,0.131,0.122,1,"Klhl2","KO_vs_WT"
0.253591097999516,0.431336988857784,0.21,0.203,1,"Micos10","KO_vs_WT"
0.254490196821227,0.688614288641438,0.112,0.102,1,"Apoe","KO_vs_WT"
0.258742816105784,0.435292286257627,0.117,0.107,1,"Lin7c","KO_vs_WT"
0.259077373004669,0.435833824967086,0.157,0.148,1,"4930402H24Rik","KO_vs_WT"
0.263231782352723,0.333921586560163,0.103,0.094,1,"Ldlrap1","KO_vs_WT"
0.263651506900634,0.487318612208493,0.127,0.119,1,"Akr1b3","KO_vs_WT"
0.264730112783006,0.317186868150546,0.171,0.161,1,"Tor1aip1","KO_vs_WT"
0.266255427172483,0.296146665291213,0.171,0.162,1,"Irf2","KO_vs_WT"
0.267393396660486,0.369900524726159,0.165,0.155,1,"Elk3","KO_vs_WT"
0.269263094694265,0.364183233604156,0.14,0.13,1,"H2afy","KO_vs_WT"
0.273030598757974,0.417143370331294,0.108,0.099,1,"Ccng2","KO_vs_WT"
0.273784241444366,0.379618656616011,0.193,0.186,1,"Frg1","KO_vs_WT"
0.274044611092062,0.250636611848952,0.212,0.203,1,"Rab5c","KO_vs_WT"
0.274498859813832,0.251881642541634,0.462,0.476,1,"Fyb","KO_vs_WT"
0.274845785168999,0.265310602558898,0.243,0.238,1,"Laptm4a","KO_vs_WT"
0.279214720624817,0.451091497420666,0.145,0.138,1,"Zcchc2","KO_vs_WT"
0.279468493260013,0.290056650792949,0.197,0.188,1,"Gas2l3","KO_vs_WT"
0.280964274759033,0.421366232293684,0.132,0.122,1,"Hadha","KO_vs_WT"
0.281169921623041,0.406321617904074,0.181,0.173,1,"Blvrb","KO_vs_WT"
0.282083430133222,0.332305513456174,0.192,0.186,1,"Scarb2","KO_vs_WT"
0.282146493186167,0.500291245716681,0.124,0.115,1,"Nrf1","KO_vs_WT"
0.284840499555693,0.250361028783791,0.126,0.115,1,"G3bp2","KO_vs_WT"
0.286470244402438,0.365719648070169,0.133,0.124,1,"Irf5","KO_vs_WT"
0.286806190402339,0.39293162064574,0.222,0.217,1,"Atp5j","KO_vs_WT"
0.287091665793435,0.450844512818104,0.129,0.12,1,"Psmd13","KO_vs_WT"
0.28781703147695,0.303373616118691,0.13,0.121,1,"Fam32a","KO_vs_WT"
0.290085533218159,0.257732400124254,0.13,0.12,1,"Hdac4","KO_vs_WT"
0.29076986073879,0.391469213861397,0.18,0.172,1,"Atp5f1","KO_vs_WT"
0.293297966251197,0.286852433442351,0.122,0.112,1,"Ube2v1","KO_vs_WT"
0.294765032596244,0.276586654073477,0.206,0.198,1,"Slc31a1","KO_vs_WT"
0.295622961292298,0.362887931583816,0.11,0.101,1,"Relch","KO_vs_WT"
0.295762287197067,0.326391922699993,0.172,0.164,1,"Cox7a2l","KO_vs_WT"
0.296199669798477,0.285616861419468,0.142,0.133,1,"Ckap4","KO_vs_WT"
0.29782827413576,0.439948081004661,0.102,0.093,1,"Cr1l","KO_vs_WT"
0.298682689770301,0.434280423965929,0.164,0.157,1,"Spg21","KO_vs_WT"
0.306410956055879,0.256361954593321,0.128,0.118,1,"Zmym2","KO_vs_WT"
0.308329457852956,0.378282943209041,0.222,0.219,1,"Nf1","KO_vs_WT"
0.308414971235941,0.251054028973074,0.169,0.158,1,"Ubr2","KO_vs_WT"
0.308482320337108,0.579455740487607,0.103,0.095,1,"Cd81","KO_vs_WT"
0.308878241328631,0.357610377107615,0.206,0.199,1,"Usp15","KO_vs_WT"
0.30929888238789,0.498013668911735,0.104,0.095,1,"Trappc6b","KO_vs_WT"
0.31034421716465,0.319805259330534,0.251,0.246,1,"Fnbp1","KO_vs_WT"
0.312309749527476,0.457735161360293,0.118,0.11,1,"Ggh","KO_vs_WT"
0.314154008965923,0.323410013381784,0.2,0.194,1,"Nqo1","KO_vs_WT"
0.314720784133336,0.329931225684384,0.182,0.174,1,"Pfdn2","KO_vs_WT"
0.314782506595516,0.302795711249023,0.113,0.104,1,"Gadd45g","KO_vs_WT"
0.317277339477205,0.354189170638293,0.131,0.124,1,"Stambpl1","KO_vs_WT"
0.321124351194314,0.560204856402136,0.126,0.12,1,"Cfp","KO_vs_WT"
0.322014824391599,0.343804303943062,0.14,0.132,1,"Pip4k2c","KO_vs_WT"
0.323162409272015,0.278309821304604,0.191,0.184,1,"Rad21","KO_vs_WT"
0.324029166306523,0.494690156063914,0.144,0.138,1,"Smarce1","KO_vs_WT"
0.328200698858042,0.32620787703224,0.131,0.124,1,"Ppp1r13b","KO_vs_WT"
0.32844890013684,0.298704116586064,0.116,0.107,1,"Il18rap","KO_vs_WT"
0.332451402100863,0.415872816418765,0.127,0.12,1,"Bin3","KO_vs_WT"
0.332529762626503,0.39272947285111,0.138,0.13,1,"Nt5c2","KO_vs_WT"
0.332589342487672,0.339770137522727,0.111,0.102,1,"Erh","KO_vs_WT"
0.333574174128868,-0.329117341166856,0.097,0.108,1,"Ikzf2","KO_vs_WT"
0.335402984924597,0.376612378508766,0.104,0.096,1,"Elmsan1","KO_vs_WT"
0.337936032711057,0.253005430376063,0.18,0.172,1,"Rhoq","KO_vs_WT"
0.33861710535775,0.445504799621862,0.135,0.128,1,"Parp4","KO_vs_WT"
0.342836289354415,0.347409949177477,0.23,0.23,1,"Paip2","KO_vs_WT"
0.347540575882537,0.285171679218143,0.239,0.235,1,"Ube2m","KO_vs_WT"
0.34799548622196,0.49852433691949,0.101,0.093,1,"Arhgap5","KO_vs_WT"
0.352332241058195,0.256542597725829,0.287,0.286,1,"Capzb","KO_vs_WT"
0.354909778034699,0.349461221459716,0.243,0.239,1,"Map4","KO_vs_WT"
0.358485496202223,0.275354000385781,0.143,0.135,1,"Mxi1","KO_vs_WT"
0.359114255461038,0.290575690736823,0.223,0.219,1,"Sf3b2","KO_vs_WT"
0.359909851535662,0.305020075927312,0.169,0.161,1,"Stxbp3","KO_vs_WT"
0.360508305996415,0.326341374533712,0.186,0.18,1,"Tceal9","KO_vs_WT"
0.360722384360682,0.424198887871126,0.182,0.178,1,"Brwd1","KO_vs_WT"
0.362340864653687,0.481883351741733,0.121,0.114,1,"Nipa2","KO_vs_WT"
0.362622082019182,0.408292033821492,0.141,0.135,1,"Tatdn2","KO_vs_WT"
0.364948450973974,0.326422553527431,0.193,0.189,1,"Kdm5c","KO_vs_WT"
0.367555774823037,0.286846249911366,0.165,0.181,1,"Ern1","KO_vs_WT"
0.36790717579658,0.364810104866036,0.236,0.234,1,"Scaf8","KO_vs_WT"
0.371505606360631,0.318953771637091,0.16,0.153,1,"Ube2g1","KO_vs_WT"
0.374421220089069,0.312801893737255,0.212,0.209,1,"Csf2rb2","KO_vs_WT"
0.374822216559798,0.284223361837354,0.233,0.232,1,"Atp5j2","KO_vs_WT"
0.376284819335279,0.26611738859191,0.155,0.148,1,"Trpc4ap","KO_vs_WT"
0.382922956500227,0.489682816439082,0.108,0.101,1,"Lamtor5","KO_vs_WT"
0.3856346259231,0.428647187567307,0.14,0.134,1,"Ube2z","KO_vs_WT"
0.387773954448647,0.365477191426867,0.116,0.109,1,"Mbd5","KO_vs_WT"
0.390047290542662,0.303445414776946,0.176,0.169,1,"Pdia6","KO_vs_WT"
0.391516423400089,0.297374537599607,0.148,0.141,1,"Mthfsl","KO_vs_WT"
0.391547330619547,0.255192266504431,0.268,0.267,1,"Abca1","KO_vs_WT"
0.394712143972332,0.44603794421915,0.116,0.11,1,"Cdh1","KO_vs_WT"
0.397343416899802,0.25738421191315,0.195,0.189,1,"Ubr4","KO_vs_WT"
0.401329688975573,0.323590472350452,0.17,0.164,1,"Ciapin1","KO_vs_WT"
0.401946650561195,0.266295982805723,0.129,0.122,1,"Tbc1d20","KO_vs_WT"
0.402874134538287,0.256510121730086,0.161,0.153,1,"Zmat2","KO_vs_WT"
0.403960235281678,0.268968511789695,0.191,0.187,1,"Dph3","KO_vs_WT"
0.404593694118389,0.285745523013488,0.248,0.243,1,"Atg2a","KO_vs_WT"
0.405564883907119,0.335883008599807,0.174,0.168,1,"Wbp2","KO_vs_WT"
0.406024141992694,0.300900231039703,0.109,0.102,1,"Tec","KO_vs_WT"
0.406098723405755,0.265398967979604,0.18,0.174,1,"Nop10","KO_vs_WT"
0.40669392305856,0.337004465415924,0.109,0.102,1,"Ralgapb","KO_vs_WT"
0.409136639225591,0.281975276338827,0.145,0.139,1,"Gmip","KO_vs_WT"
0.410448565866207,0.314679082822508,0.2,0.195,1,"Sec11c","KO_vs_WT"
0.412099982193575,0.302822097677448,0.117,0.11,1,"Uchl3","KO_vs_WT"
0.4135635910193,0.421676169715329,0.218,0.217,1,"Zdhhc20","KO_vs_WT"
0.414817263787015,0.297082853995231,0.12,0.114,1,"Sprr2e","KO_vs_WT"
0.416854227208537,0.302808713754568,0.174,0.169,1,"Eif3h","KO_vs_WT"
0.417902027598507,0.325406210515167,0.186,0.181,1,"Ppp4c","KO_vs_WT"
0.418433334397908,0.313543438056969,0.12,0.132,1,"Cask","KO_vs_WT"
0.42325612685932,0.523449735754204,0.134,0.128,1,"Vdac1","KO_vs_WT"
0.423327821162338,0.328985629117921,0.144,0.139,1,"Eif4a2","KO_vs_WT"
0.423926386446827,0.2800468330059,0.123,0.117,1,"Uap1","KO_vs_WT"
0.424838946183117,0.52355687012193,0.13,0.125,1,"Oat","KO_vs_WT"
0.42555077461878,0.357515098153197,0.131,0.124,1,"Trappc3","KO_vs_WT"
0.425970367602205,0.457241093502232,0.137,0.132,1,"Rnps1","KO_vs_WT"
0.427713967943983,0.346243921257575,0.121,0.115,1,"Cir1","KO_vs_WT"
0.427957411101836,0.352361248512594,0.109,0.102,1,"Camta1","KO_vs_WT"
0.429813443157666,0.363562285348667,0.145,0.14,1,"Tmem243","KO_vs_WT"
0.429948319112101,0.348969969998085,0.13,0.123,1,"Ndufb8","KO_vs_WT"
0.43009471773072,0.521106478606992,0.1,0.095,1,"Sap130","KO_vs_WT"
0.43102838720861,0.415057961375948,0.325,0.329,1,"Dbi","KO_vs_WT"
0.433135077714778,0.285203311978062,0.105,0.097,1,"Vps13b","KO_vs_WT"
0.436400218764381,0.270190106871067,0.225,0.222,1,"Rap2b","KO_vs_WT"
0.438110616633457,0.39612042790161,0.135,0.13,1,"Hist1h2bc","KO_vs_WT"
0.441901697911488,0.303224723410578,0.264,0.263,1,"Ampd3","KO_vs_WT"
0.443022133074758,0.328146822116078,0.13,0.123,1,"Cdc34","KO_vs_WT"
0.444527340916683,0.352469508155132,0.132,0.126,1,"Acer3","KO_vs_WT"
0.444652453462746,0.265404084273385,0.12,0.113,1,"Tsg101","KO_vs_WT"
0.449093332064966,0.400033452655465,0.17,0.166,1,"Mrfap1","KO_vs_WT"
0.450701114219855,0.273119771020686,0.236,0.237,1,"Fam111a","KO_vs_WT"
0.454918939117397,0.352556993242894,0.202,0.201,1,"Med7","KO_vs_WT"
0.455008253434078,0.33428826111113,0.121,0.116,1,"Acsl1","KO_vs_WT"
0.455157443990289,0.281980270452576,0.159,0.152,1,"Lcorl","KO_vs_WT"
0.461415746489826,0.316359919058968,0.118,0.113,1,"Ubxn7","KO_vs_WT"
0.462894231455977,0.288245547640671,0.129,0.124,1,"Coro1c","KO_vs_WT"
0.46313912693724,0.260335546526307,0.122,0.115,1,"Hist1h1c","KO_vs_WT"
0.463259984354517,0.317194494343436,0.157,0.151,1,"Timm23","KO_vs_WT"
0.463799654992284,0.290043381156934,0.169,0.164,1,"Mkln1","KO_vs_WT"
0.465611851923174,0.320314698193014,0.132,0.126,1,"Ndufb7","KO_vs_WT"
0.468815877260407,0.362441315710042,0.202,0.201,1,"Drap1","KO_vs_WT"
0.470005334896932,0.27847826520905,0.098,0.107,1,"Ndufb6","KO_vs_WT"
0.475967374186086,0.309622297017563,0.125,0.119,1,"Copb1","KO_vs_WT"
0.476547926276932,0.366127292128527,0.238,0.24,1,"Skp1a","KO_vs_WT"
0.479294119653268,0.269921981218937,0.173,0.168,1,"Vta1","KO_vs_WT"
0.479431032807278,0.32041371571979,0.117,0.112,1,"Taok3","KO_vs_WT"
0.480286965818093,0.445325809183243,0.142,0.139,1,"Ergic2","KO_vs_WT"
0.480734384172743,0.259141672324008,0.21,0.208,1,"Sbno2","KO_vs_WT"
0.481052725170817,0.28247600265999,0.137,0.131,1,"Sec11a","KO_vs_WT"
0.481166246393367,0.262945497388828,0.097,0.106,1,"Ldlr","KO_vs_WT"
0.484326773550742,0.428589615271304,0.174,0.171,1,"Xpo6","KO_vs_WT"
0.484452665001341,0.290387355075474,0.155,0.151,1,"Itpkb","KO_vs_WT"
0.484522042496017,0.31635084339589,0.218,0.219,1,"Mob4","KO_vs_WT"
0.490489468755369,0.304894148678655,0.139,0.134,1,"Gpbp1l1","KO_vs_WT"
0.492551199300736,0.35948898001751,0.187,0.185,1,"Smurf2","KO_vs_WT"
0.49307844050153,0.359870925910906,0.122,0.117,1,"Selenof","KO_vs_WT"
0.494287939689795,0.414703089721633,0.267,0.268,1,"Lyz2","KO_vs_WT"
0.495245396699598,0.545316000240811,0.142,0.139,1,"Cops9","KO_vs_WT"
0.496766411240905,0.323243767004325,0.115,0.109,1,"Nmt1","KO_vs_WT"
0.498890835267416,0.264840129651848,0.181,0.197,1,"Atp7a","KO_vs_WT"
0.501197592414494,0.331137318579854,0.104,0.099,1,"Emc3","KO_vs_WT"
0.50205183445068,0.31866163487534,0.185,0.183,1,"Sfswap","KO_vs_WT"
0.502249539661411,0.302421148336083,0.229,0.23,1,"Nme2","KO_vs_WT"
0.502325820593443,0.330067059624664,0.221,0.222,1,"Cox7b","KO_vs_WT"
0.502585692822551,0.297519491878912,0.135,0.147,1,"Chmp1b","KO_vs_WT"
0.503740069838135,0.264893412044653,0.258,0.263,1,"Mpc1","KO_vs_WT"
0.505434935200322,0.366249068869223,0.135,0.131,1,"Atf6","KO_vs_WT"
0.506201669806362,0.312572284271851,0.164,0.159,1,"Yme1l1","KO_vs_WT"
0.507555428269677,0.271578270545316,0.215,0.214,1,"Sft2d1","KO_vs_WT"
0.508125196719766,0.323784078543972,0.211,0.211,1,"Sugt1","KO_vs_WT"
0.512583224526485,0.317721212001063,0.134,0.131,1,"Tmem127","KO_vs_WT"
0.512603770439684,0.400522517828695,0.122,0.118,1,"Naa35","KO_vs_WT"
0.51308026401093,0.261454669942814,0.228,0.227,1,"Srp9","KO_vs_WT"
0.514232393706558,0.385281120614885,0.108,0.104,1,"Ppt1","KO_vs_WT"
0.518310305688304,0.340461772741582,0.239,0.243,1,"Sertad1","KO_vs_WT"
0.520754652336435,0.36964874057689,0.164,0.164,1,"Elk4","KO_vs_WT"
0.521445797070963,0.351802088194819,0.101,0.096,1,"Ythdf2","KO_vs_WT"
0.524407851950123,0.313878622703242,0.139,0.134,1,"Psmc1","KO_vs_WT"
0.524546049598335,0.294772043735056,0.229,0.229,1,"Srpk2","KO_vs_WT"
0.527319770058812,0.315943306502667,0.109,0.104,1,"Eif3e","KO_vs_WT"
0.528463051493478,0.325260784107228,0.198,0.198,1,"Rsf1","KO_vs_WT"
0.530895918030044,0.257486278782139,0.129,0.124,1,"Os9","KO_vs_WT"
0.532114602247506,0.440311796642246,0.149,0.144,1,"Atp5g1","KO_vs_WT"
0.534338349757709,0.301931331636879,0.217,0.235,1,"Uqcr11","KO_vs_WT"
0.536022211786968,0.882227685117348,0.156,0.153,1,"Gpx4","KO_vs_WT"
0.537021567928341,0.257501305738822,0.203,0.201,1,"Rab5if","KO_vs_WT"
0.537893734088049,0.561232659986423,0.123,0.119,1,"Calm3","KO_vs_WT"
0.541121157727531,0.250621727524353,0.212,0.213,1,"Dedd2","KO_vs_WT"
0.543072075125492,0.255550185260444,0.177,0.174,1,"Csnk1g1","KO_vs_WT"
0.551438821845798,0.363246048699435,0.184,0.183,1,"Cox6a1","KO_vs_WT"
0.551861531345656,0.268564337339599,0.244,0.248,1,"Cnot1","KO_vs_WT"
0.552709984837117,0.334162850214124,0.156,0.153,1,"Rbm6","KO_vs_WT"
0.553469065354664,0.276620196303528,0.124,0.12,1,"Swt1","KO_vs_WT"
0.554868542454931,0.361719131618237,0.147,0.145,1,"Cnot6","KO_vs_WT"
0.55712474843053,0.275308722243017,0.1,0.095,1,"Agpat5","KO_vs_WT"
0.56034486735203,0.267240761001342,0.101,0.096,1,"Nipsnap3b","KO_vs_WT"
0.566854267967533,0.293419810791066,0.156,0.153,1,"Snrpc","KO_vs_WT"
0.569026494173197,0.277343131360255,0.109,0.117,1,"Arid1a","KO_vs_WT"
0.570767381354931,0.259275898050197,0.116,0.112,1,"Gsk3a","KO_vs_WT"
0.571052066797302,0.41540359475561,0.11,0.107,1,"Anapc11","KO_vs_WT"
0.572013135945778,0.367778220847614,0.17,0.169,1,"Cln5","KO_vs_WT"
0.572725874415183,0.268201977492317,0.261,0.263,1,"Psen1","KO_vs_WT"
0.573890412896525,0.337814231857072,0.198,0.2,1,"Wsb2","KO_vs_WT"
0.575006745389388,0.399803418358343,0.172,0.17,1,"Map1lc3a","KO_vs_WT"
0.579779310155806,0.359553529356736,0.141,0.139,1,"Vcpip1","KO_vs_WT"
0.581072712414114,0.288622285390669,0.254,0.259,1,"Nedd8","KO_vs_WT"
0.582787362443528,0.266406520698203,0.215,0.215,1,"Herc4","KO_vs_WT"
0.582928107475727,0.408297336791047,0.124,0.121,1,"Kdm3b","KO_vs_WT"
0.584452072739564,0.274953515839586,0.156,0.156,1,"A530013C23Rik","KO_vs_WT"
0.58549289285566,0.358465386335065,0.116,0.125,1,"Bmt2","KO_vs_WT"
0.587185149160952,0.401301351836693,0.14,0.137,1,"Ndufa13","KO_vs_WT"
0.590006837406462,0.294283969357251,0.16,0.157,1,"Fmr1","KO_vs_WT"
0.59004706222847,0.258587225948671,0.103,0.11,1,"Ipo5","KO_vs_WT"
0.590167374618451,0.313198824970455,0.244,0.25,1,"Braf","KO_vs_WT"
0.592971896921382,0.434041119078258,0.104,0.101,1,"Crkl","KO_vs_WT"
0.594454539960581,0.299457659961876,0.258,0.264,1,"Fam13b","KO_vs_WT"
0.594974708456077,0.278622121657736,0.113,0.109,1,"Tmf1","KO_vs_WT"
0.596017002863113,0.261816424180637,0.252,0.252,1,"Pias1","KO_vs_WT"
0.598063904751078,0.337933545086427,0.111,0.107,1,"Bcas2","KO_vs_WT"
0.598474530721562,0.294997996869942,0.131,0.128,1,"Saraf","KO_vs_WT"
0.602271082120705,0.334349793056975,0.247,0.248,1,"Itpr2","KO_vs_WT"
0.607739596631457,0.343890612255993,0.121,0.119,1,"Ncoa6","KO_vs_WT"
0.60933732403634,0.253674710780268,0.106,0.103,1,"Fgfbp1","KO_vs_WT"
0.613254926285794,0.257007059937696,0.132,0.13,1,"Hpcal1","KO_vs_WT"
0.613498544819517,0.38966867882024,0.103,0.1,1,"Cd300c2","KO_vs_WT"
0.614955989920163,0.270611433732594,0.152,0.15,1,"Fbxw2","KO_vs_WT"
0.619555133770493,0.336149128638841,0.207,0.208,1,"Atp5h","KO_vs_WT"
0.626590516764031,0.335025312742993,0.132,0.129,1,"Rell1","KO_vs_WT"
0.628344720719607,0.416580662812314,0.103,0.101,1,"Tsc1","KO_vs_WT"
0.628937925050734,0.25109223484181,0.45,0.465,1,"Vav3","KO_vs_WT"
0.637282644537622,0.37277247329795,0.1,0.097,1,"Kif1c","KO_vs_WT"
0.638041650105185,0.261306353605007,0.131,0.128,1,"Ptbp1","KO_vs_WT"
0.64080633461158,0.317200467758053,0.176,0.176,1,"Ndufa1","KO_vs_WT"
0.641755137157813,0.308525126869582,0.144,0.143,1,"Nbr1","KO_vs_WT"
0.644800895397228,0.383597278484169,0.099,0.106,1,"Pgrmc1","KO_vs_WT"
0.65609871469194,0.34507580893475,0.162,0.16,1,"Reps1","KO_vs_WT"
0.659940993692798,0.30492814697189,0.182,0.184,1,"Pip4k2a","KO_vs_WT"
0.66213742805935,0.277391017016804,0.425,0.449,1,"Arhgap26","KO_vs_WT"
0.66283750248911,0.254902288877249,0.243,0.249,1,"Gatad2a","KO_vs_WT"
0.671341957579684,0.279477257836616,0.103,0.11,1,"Glmp","KO_vs_WT"
0.672489232698472,0.274211663976608,0.189,0.189,1,"Mast4","KO_vs_WT"
0.674580160518006,0.326538256150287,0.18,0.181,1,"Ostc","KO_vs_WT"
0.676586257790302,0.349315724069886,0.118,0.116,1,"Vamp4","KO_vs_WT"
0.677827500117898,0.295352847080943,0.195,0.198,1,"Dlg1","KO_vs_WT"
0.678367655571703,0.348603302414056,0.102,0.109,1,"Nup153","KO_vs_WT"
0.679193273566743,0.29719120716552,0.185,0.185,1,"Gak","KO_vs_WT"
0.682482502120163,0.366165937330672,0.166,0.166,1,"Tmem234","KO_vs_WT"
0.684756247916481,0.411636385627705,0.114,0.113,1,"Tsn","KO_vs_WT"
0.685029998779941,0.330683314941134,0.101,0.099,1,"Atxn7l3","KO_vs_WT"
0.688486829845859,0.264609283832122,0.166,0.177,1,"Washc4","KO_vs_WT"
0.690433228522967,0.376575368741069,0.16,0.162,1,"Srebf2","KO_vs_WT"
0.693064027653003,0.363928275423015,0.164,0.164,1,"Fam168b","KO_vs_WT"
0.693913089420067,0.267113711996291,0.115,0.112,1,"Adgrv1","KO_vs_WT"
0.69528341439976,0.308243326366749,0.115,0.113,1,"Sos2","KO_vs_WT"
0.69868093892997,0.34791386787208,0.114,0.112,1,"Siah1a","KO_vs_WT"
0.701333094226695,0.287597408993966,0.098,0.104,1,"Pcm1","KO_vs_WT"
0.713093722291737,0.282718612150776,0.178,0.179,1,"Fbxo38","KO_vs_WT"
0.716072416468281,0.309282000547406,0.109,0.108,1,"Strbp","KO_vs_WT"
0.716122301399422,0.311729883214833,0.134,0.142,1,"Mindy3","KO_vs_WT"
0.71888094537275,0.3410142373168,0.108,0.106,1,"Gpi1","KO_vs_WT"
0.720040932723807,0.279057544003285,0.117,0.123,1,"Arnt","KO_vs_WT"
0.724585453056494,0.261385633572293,0.146,0.155,1,"Irs2","KO_vs_WT"
0.72686574606933,0.313821508831808,0.13,0.129,1,"Psmc5","KO_vs_WT"
0.729034744768113,0.284176922632938,0.231,0.238,1,"Atf1","KO_vs_WT"
0.733711544617687,0.310634361286189,0.234,0.25,1,"Atp5mpl","KO_vs_WT"
0.737096389289593,0.290777076089372,0.116,0.115,1,"Atg12","KO_vs_WT"
0.741583956549313,0.281834839617064,0.285,0.298,1,"Atp5b","KO_vs_WT"
0.745860116632839,0.254637566769262,0.2,0.202,1,"Rnf10","KO_vs_WT"
0.748133213126619,0.250385625251556,0.13,0.13,1,"Bbip1","KO_vs_WT"
0.749586558667043,0.442216647906301,0.189,0.194,1,"Vamp8","KO_vs_WT"
0.751371810255406,0.291478591514673,0.239,0.247,1,"Rabac1","KO_vs_WT"
0.757889472100867,0.411832597672496,0.136,0.136,1,"Mecp2","KO_vs_WT"
0.760131262999546,0.265932862493914,0.184,0.194,1,"Safb","KO_vs_WT"
0.774529889151331,0.284535057655196,0.12,0.119,1,"Pef1","KO_vs_WT"
0.775624778844981,0.335006042218615,0.12,0.12,1,"Fcf1","KO_vs_WT"
0.779145871219607,0.313653661986734,0.095,0.1,1,"Trip11","KO_vs_WT"
0.786962097620533,0.28769053179458,0.185,0.195,1,"Pbx1","KO_vs_WT"
0.79390096455019,0.279853123941861,0.156,0.163,1,"Cdc5l","KO_vs_WT"
0.798707197314984,0.272624071198417,0.108,0.108,1,"Slc2a3","KO_vs_WT"
0.799079294898269,0.669059890881716,0.125,0.126,1,"A530046M15Rik","KO_vs_WT"
0.800866794069894,0.259716190659672,0.261,0.27,1,"Eif4e","KO_vs_WT"
0.802522968719544,0.263446211878652,0.196,0.205,1,"Romo1","KO_vs_WT"
0.803502160041892,0.344254386306396,0.126,0.126,1,"Med28","KO_vs_WT"
0.803722902958673,0.272974249743117,0.14,0.14,1,"Zfp652","KO_vs_WT"
0.804434603095551,0.366088660392837,0.174,0.173,1,"Cd74","KO_vs_WT"
0.808061274092019,0.365911190504116,0.116,0.121,1,"Eif3i","KO_vs_WT"
0.808697596057881,0.308321544197471,0.139,0.146,1,"BC031181","KO_vs_WT"
0.814268737970964,0.263266677529325,0.213,0.219,1,"Eif3f","KO_vs_WT"
0.816759128170963,0.291963820391049,0.116,0.115,1,"Ttc14","KO_vs_WT"
0.819053087302037,0.298667900434489,0.166,0.168,1,"Cstf3","KO_vs_WT"
0.819566401144864,0.28208032415396,0.109,0.107,1,"Tm9sf2","KO_vs_WT"
0.819865668089593,0.253264303181424,0.218,0.224,1,"Ifngr2","KO_vs_WT"
0.820050114744118,0.425269033179798,0.142,0.144,1,"Ndufc1","KO_vs_WT"
0.821633949010779,0.337079135601616,0.14,0.142,1,"Uba1","KO_vs_WT"
0.823361945824158,0.400352149497705,0.116,0.116,1,"Lars","KO_vs_WT"
0.832683473665776,0.257471237010555,0.106,0.11,1,"Tiam1","KO_vs_WT"
0.833625194371634,0.748329275977831,0.248,0.261,1,"Bsg","KO_vs_WT"
0.834213682570474,0.267952698639233,0.164,0.173,1,"Gm15832","KO_vs_WT"
0.835670567946571,0.353202558330056,0.173,0.177,1,"Kif1b","KO_vs_WT"
0.837209444738935,0.281788496297563,0.15,0.158,1,"Snf8","KO_vs_WT"
0.842488716551675,0.414699247072056,0.117,0.118,1,"Zfx","KO_vs_WT"
0.84624110483578,0.253872798481113,0.123,0.122,1,"Ppp6c","KO_vs_WT"
0.854608555900958,0.25265290844801,0.115,0.114,1,"Eif3m","KO_vs_WT"
0.855315939694947,0.293069691028778,0.193,0.204,1,"Ap3b1","KO_vs_WT"
0.857384052297781,0.250315653860149,0.191,0.202,1,"Edf1","KO_vs_WT"
0.867306856370058,0.297366030022208,0.101,0.104,1,"Rnf13","KO_vs_WT"
0.884133587780643,0.262125437777296,0.127,0.128,1,"4932438A13Rik","KO_vs_WT"
0.888412311759082,0.291798825883844,0.172,0.175,1,"Scaf11","KO_vs_WT"
0.894221187033764,0.259729718054948,0.225,0.238,1,"Rap2c","KO_vs_WT"
0.895124104812853,0.262685423363878,0.133,0.135,1,"Eif1b","KO_vs_WT"
0.895577762738375,0.25423747654555,0.197,0.201,1,"Svil","KO_vs_WT"
0.897162900628335,0.262212322740508,0.12,0.121,1,"Cep170","KO_vs_WT"
0.900698712201365,0.300829605534491,0.136,0.139,1,"Dhx9","KO_vs_WT"
0.905652990746714,0.263072810561341,0.139,0.144,1,"Eif4h","KO_vs_WT"
0.906285105396342,0.256720991014505,0.203,0.208,1,"Serinc1","KO_vs_WT"
0.908779519282954,0.351233931314367,0.172,0.178,1,"Hsbp1","KO_vs_WT"
0.918440794780689,0.293963420425014,0.229,0.243,1,"Hint1","KO_vs_WT"
0.923108499066641,0.288656142818177,0.202,0.21,1,"Uqcr10","KO_vs_WT"
0.925142700758673,0.279088051950506,0.142,0.148,1,"Kif2a","KO_vs_WT"
0.928993433945274,0.255545025047441,0.103,0.104,1,"Mettl9","KO_vs_WT"
0.93197062589865,0.372876596969179,0.151,0.154,1,"Prpf39","KO_vs_WT"
0.934336706813871,0.292891272448059,0.115,0.116,1,"Atp5o","KO_vs_WT"
0.942253176538616,0.306130059651638,0.098,0.1,1,"Fam120a","KO_vs_WT"
0.949405960325873,0.292304856298245,0.137,0.142,1,"Dgkh","KO_vs_WT"
0.953631827306837,0.375929665588381,0.102,0.103,1,"Ndufa12","KO_vs_WT"
0.956070833042664,0.252709695161171,0.11,0.112,1,"5830432E09Rik","KO_vs_WT"
0.95769260322183,0.3329318978073,0.164,0.169,1,"Cox14","KO_vs_WT"
0.959156446441302,0.362940764440443,0.104,0.107,1,"Strap","KO_vs_WT"
0.96400460655078,0.262544545411503,0.121,0.123,1,"Desi2","KO_vs_WT"
0.969501482548193,0.265500058168684,0.149,0.152,1,"Srpr","KO_vs_WT"
0.972404367445386,0.353392071726857,0.126,0.129,1,"Ndufb2","KO_vs_WT"
0.972687839870811,0.294288336833427,0.109,0.111,1,"Osbpl11","KO_vs_WT"
0.973436738687143,0.299610898628362,0.1,0.101,1,"Alkbh5","KO_vs_WT"
0.975860222296794,0.285255000421831,0.153,0.158,1,"Mtch2","KO_vs_WT"
0.978811438570361,0.266753827638542,0.135,0.139,1,"Znrd1","KO_vs_WT"
0.979298778554026,0.301659288285544,0.134,0.137,1,"Cdc40","KO_vs_WT"
0.982247242159939,0.252761814976193,0.157,0.163,1,"Itch","KO_vs_WT"
0.982558750717476,0.271921446377579,0.105,0.107,1,"Usp8","KO_vs_WT"
0.984008804827833,0.301952987762587,0.113,0.115,1,"Pou2f1","KO_vs_WT"
0.984529568490566,0.260125012803245,0.169,0.175,1,"Cebpg","KO_vs_WT"
0.99265320324356,0.349171044148333,0.113,0.116,1,"Herpud2","KO_vs_WT"
0.996385600794181,0.312569319777287,0.188,0.194,1,"Anp32a","KO_vs_WT"
0.997014485359527,0.289076063684794,0.151,0.158,1,"Zyx","KO_vs_WT"
0.997550456238877,0.41951994161372,0.099,0.101,1,"Tspan31","KO_vs_WT"
