"category","subcategory","ID","Description","GeneRatio","BgRatio","RichFactor","FoldEnrichment","zScore","pvalue","p.adjust","qvalue","geneID","Count"
"Cellular Processes","Cell growth and death","mmu04210","Apoptosis - Mus musculus (house mouse)","64/2215","136/10650",0.470588235294118,2.26264772274598,7.59392673772507,5.29655044002708e-12,7.8799096758089e-10,4.13536894862715e-10,"12045/21926/64138/22029/12334/14281/12047/18049/12333/11911/19697/21937/12125/14102/328417/11796/229445/16476/12044/12983/13032/12028/12364/12633/13033/13030/11465/18035/13063/235587/11652/16440/53857/11799/11783/17873/16439/11545/58801/16188/56464/12370/74769/16438/26420/12048/16151/12043/71609/17210/13804/12367/13040/13347/12122/21933/18710/26408/13198/16907/23882/18709/16906/110157",64
"Environmental Information Processing","Signal transduction","mmu04668","TNF signaling pathway - Mus musculus (house mouse)","58/2215","118/10650",0.491525423728814,2.36331637142748,7.63099139367132,5.5361629729001e-12,7.8799096758089e-10,4.13536894862715e-10,"330122/16176/20310/20311/17392/21926/21938/22029/14825/14281/13614/11911/12051/26398/19697/21937/14102/11796/13650/26397/16476/74568/20296/12633/18035/12977/20312/11652/16362/17395/19225/21929/231991/257632/12370/74769/16182/22031/22033/22329/26420/12915/16151/56532/71609/12367/15894/67457/18710/19094/26408/217344/12608/72542/16193/18709/11491/66724",58
"Human Diseases","Cardiovascular disease","mmu05418","Fluid shear stress and atherosclerosis - Mus musculus (house mouse)","68/2215","149/10650",0.456375838926175,2.19431272440802,7.52306128422954,6.81260202519501e-12,7.8799096758089e-10,4.13536894862715e-10,"14859/16176/14858/21926/13057/70405/66447/20969/14281/13614/22218/18791/14863/17970/20971/14862/26398/14860/19697/21937/16399/103140/16175/16476/20296/17969/15368/19354/12314/14873/18412/18024/11465/11477/16800/11652/14872/16178/211666/12390/17395/56615/22027/22166/170758/14857/108079/74769/14870/14733/18613/22329/26420/16177/18591/16151/12043/12315/15894/63873/14871/18710/16598/19094/26408/105787/18709/59004",68
"Human Diseases","Infectious disease: bacterial","mmu05132","Salmonella infection - Mus musculus (house mouse)","98/2215","253/10650",0.387351778656126,1.86243631724052,7.11429730539266,3.12311118941795e-11,2.70929895682007e-09,1.4218374625508e-09,"16176/12475/216799/21926/100041194/17920/18479/226421/140580/50884/14281/19264/67117/12363/19878/16573/170625/11845/26398/66395/68724/19697/21937/16593/21415/227613/67938/11796/26397/22152/16476/74568/12028/72318/18643/20194/14433/11867/11465/18035/13063/232943/18704/74192/11652/67771/13191/53857/19349/73710/22428/218035/213575/22027/105855/80837/228545/22166/18481/16173/12370/74769/170760/192176/22154/21898/26420/70297/225326/16151/56532/12043/71609/20130/16649/100310872/12367/17113/266632/53413/21933/107607/19094/269338/74764/59288/56382/20336/77573/16193/622434/24088/67665/56212/11852/110157/66724/17281",98
"Cellular Processes","Cell growth and death","mmu04115","p53 signaling pathway - Mus musculus (house mouse)","40/2215","75/10650",0.533333333333333,2.56433408577878,6.96656490120172,4.79809056123622e-10,3.32987484949794e-08,1.74751508861867e-08,"16009/12443/20724/21825/230784/12452/12521/333654/382985/26374/53892/14102/64058/12575/55948/12028/13063/12534/12444/11783/17873/268697/98376/12649/58801/12370/12048/12043/20135/12367/12447/12122/21933/12571/12445/29813/23882/66940/107986/12450",40
"Human Diseases","Infectious disease: parasitic","mmu05146","Amoebiasis - Mus musculus (house mouse)","51/2215","108/10650",0.472222222222222,2.27050413844996,6.80025488606331,6.5343026833996e-10,3.77900505189943e-08,1.98321818285637e-08,"330122/16176/20310/12475/109711/21926/11847/16777/14268/226421/14825/16774/16782/60595/12825/19697/12826/16414/12827/15507/20708/18477/20719/20723/16178/21808/19349/16409/16780/11846/18797/14675/74769/16776/21898/16177/16153/18749/12830/18795/12842/12367/14676/18710/12843/21803/14682/16193/24088/18709/18751",51
"Human Diseases","Cardiovascular disease","mmu05417","Lipid and atherosclerosis - Mus musculus (house mouse)","81/2215","217/10650",0.373271889400922,1.79473842985093,6.06105482685688,1.20121734504955e-08,5.79948156314441e-07,3.04356229462759e-07,"330122/20302/16176/20310/12475/17392/216799/21926/13057/70405/16835/14825/14281/226641/19878/17970/57257/17096/108058/19055/11911/26398/19697/21937/14102/26397/16476/20296/108078/17972/56489/17969/12028/12314/18024/18035/13063/11652/22324/17395/11783/22027/18797/20656/11303/16173/12370/74769/22031/16438/21898/13110/22329/26420/12048/54123/18988/16151/12043/18795/18987/12367/266632/12315/15894/193740/12122/22359/21933/18710/19094/26408/18018/15510/13198/16801/16193/24088/56480/18709/21353",81
"Metabolism","Metabolism of other amino acids","mmu00480","Glutathione metabolism - Mus musculus (house mouse)","37/2215","73/10650",0.506849315068493,2.43699557809456,6.31297900423208,1.3370562681601e-08,5.79948156314441e-07,3.04356229462759e-07,"14859/14858/14768/66447/54486/625249/69065/14863/14782/14862/382985/14860/18263/76263/103140/11758/14776/14873/14630/110208/20603/14872/211666/56615/269951/66988/69590/67305/14857/14870/110175/20135/68044/20810/14871/20133/14629",37
NA,NA,"mmu04518","Integrin signaling - Mus musculus (house mouse)","62/2215","153/10650",0.405228758169935,1.94839109458682,6.05479326864394,1.84161119031389e-08,7.10043425598802e-07,3.72630100496262e-07,"20750/109711/108101/12443/241639/16777/16403/14268/12550/13649/21825/16774/16782/17295/60595/231470/21923/16399/12826/242022/16414/12827/19354/11465/12266/11652/286940/16409/12444/16780/14118/16402/16419/21828/192897/16421/110829/170758/114249/74769/16776/192176/22329/218952/18591/12830/16398/70549/12842/15894/18710/21826/18595/109700/12445/12843/12835/21803/12834/12833/19303/18709",62
"Human Diseases","Drug resistance: antineoplastic","mmu01524","Platinum drug resistance - Mus musculus (house mouse)","39/2215","81/10650",0.481481481481481,2.31502382743918,6.08776553871401,3.41145012727697e-08,1.18377319416511e-06,6.21243023177806e-07,"14859/14858/66447/14863/14862/14860/14102/11796/103140/12575/12028/14873/13063/17685/11652/14872/211666/11799/21973/11783/56615/12189/14857/58801/12370/74769/14870/11977/12048/22590/12043/12367/12122/20529/14871/17686/18710/26408/18709",39
"Cellular Processes","Transport and catabolism","mmu04142","Lysosome - Mus musculus (house mouse)","56/2215","136/10650",0.411764705882353,1.97981675740274,5.89289992614085,4.62235690495285e-08,1.33663153834887e-06,7.01462933821792e-07,"64138/11782/12512/15212/17775/53599/52120/229445/16792/13032/18173/114143/13033/13030/11984/56722/20661/235380/14667/11767/11605/12752/27060/211286/214505/432486/76943/56464/11881/21871/27426/11777/13423/18010/11769/58911/74105/15931/104082/17113/11305/13040/12514/11593/12091/11432/108012/83429/110006/12492/16004/15211/16889/75612/11433/11766",56
"Human Diseases","Infectious disease: bacterial","mmu05135","Yersinia infection - Mus musculus (house mouse)","56/2215","136/10650",0.411764705882353,1.97981675740274,5.89289992614085,4.62235690495285e-08,1.33663153834887e-06,7.01462933821792e-07,"16176/216799/21926/330662/14268/69632/108100/140580/14281/110651/19878/109333/57257/11845/26398/19697/26397/16476/215280/16822/20296/54483/14131/19354/11867/11465/18035/74192/11652/67771/22324/20111/18717/54353/12927/16402/20112/170758/16173/74769/21898/26420/16153/16151/266632/19229/18710/19094/18018/19303/14682/16801/16193/56480/18709/56212",56
"Environmental Information Processing","Signal transduction","mmu04064","NF-kappa B signaling pathway - Mus musculus (house mouse)","47/2215","107/10650",0.439252336448598,2.11198075989958,5.92387374446235,5.2557095339244e-08,1.40287016020905e-06,7.36224898274431e-07,"330122/20303/16176/20310/12475/12045/21926/240354/22029/14825/13607/111173/12047/17060/17096/333654/19697/21937/11796/12044/12633/18035/245527/20963/24047/19225/234779/21929/17873/11545/22031/22033/21898/22329/16177/12048/16151/12043/71609/19698/266632/15894/18034/23882/18751/59004/66724",47
"Organismal Systems","Immune system","mmu04657","IL-17 signaling pathway - Mus musculus (house mouse)","43/2215","98/10650",0.438775510204082,2.10968811903994,5.65516548656215,1.99937577025577e-07,4.95559565913394e-06,2.60069179138532e-06,"20201/330122/16176/20202/20310/20311/16819/17392/21926/12985/17386/14282/14825/14281/14283/59008/103213/30940/19697/16476/20296/56489/20306/18035/22032/17395/57890/19225/21929/22027/12370/22031/22033/26420/16151/71609/12367/19094/16172/12608/16193/56480/66724",43
"Organismal Systems","Immune system","mmu04625","C-type lectin receptor signaling pathway - Mus musculus (house mouse)","47/2215","112/10650",0.419642857142857,2.01769590454692,5.54813061006213,2.80733621549644e-07,5.77623211894823e-06,3.03136100888228e-06,"16176/17474/56619/14127/216799/66922/21926/70405/18479/240354/69632/19055/12051/19697/16476/56620/56489/12314/18035/11652/20963/16440/16362/83430/19225/234779/17532/208650/16439/17164/16985/12370/74769/16438/26420/16153/16151/19698/20130/12315/18710/19094/18018/18034/16193/18709/110157",47
"Cellular Processes","Cellular community - eukaryotes","mmu04510","Focal adhesion - Mus musculus (house mouse)","73/2215","202/10650",0.361386138613861,1.73759023757906,5.423416999326,2.81441429658634e-07,5.77623211894823e-06,3.03136100888228e-06,"20750/109711/12443/18479/16777/19417/330662/16403/14268/12334/13649/21825/16774/16782/17295/60595/19878/13731/57257/21923/67938/11796/13730/16399/12826/16476/12827/19354/11465/107589/11652/22324/12390/286940/14360/18717/12444/16780/12927/16402/16419/21828/192897/18481/16421/170758/74769/16776/192176/26420/70584/18591/12830/16398/70549/12043/12842/214230/18710/107746/21826/18595/109700/12445/12843/12835/20416/12834/12833/19303/18709/18751/110157",73
"Cellular Processes","Cellular community - eukaryotes","mmu04530","Tight junction - Mus musculus (house mouse)","64/2215","170/10650",0.376470588235294,1.81011817819679,5.45620817685613,2.82985435222248e-07,5.77623211894823e-06,3.03136100888228e-06,"17698/109711/12443/71960/18260/224912/16456/54357/17356/21873/18759/17999/21872/70497/93742/21844/83814/56449/60595/19878/93737/58220/71978/76089/53624/12695/26401/70737/67938/23859/12740/16476/235442/15163/11867/11465/16800/74192/239931/67771/27375/19079/53857/56332/217325/218518/108079/12638/14924/68328/26420/73608/12394/72065/17274/105782/18749/17475/74094/104027/26408/105787/23828/52432",64
"Human Diseases","Cancer: specific types","mmu05222","Small cell lung cancer - Mus musculus (house mouse)","41/2215","94/10650",0.436170212765957,2.09716151961962,5.47499262741193,4.64553798749292e-07,8.95556489811135e-06,4.69987176512441e-06,"12443/16777/16403/14268/22029/16774/16782/14198/19697/11796/16399/12826/12827/12575/12028/18035/13063/11652/22032/19225/16780/218772/11783/17873/74769/22031/16776/22033/54124/12048/12830/16398/16151/12043/12367/12447/18710/12571/23882/18709/107986",41
"Cellular Processes","Transport and catabolism","mmu04148","Efferocytosis - Mus musculus (house mouse)","61/2215","163/10650",0.374233128834356,1.79936019055796,5.26998548956688,6.78595179904857e-07,1.23932909172098e-05,6.50398704285542e-06,"11847/330662/235584/226421/140580/21825/11980/105722/20525/108058/18263/12317/56696/19015/20312/19349/15251/319520/19225/218035/12927/17304/19128/11846/171285/228545/16423/26362/16419/19261/11303/17164/320091/18613/219149/16153/18218/70686/12367/19219/238257/55991/320940/56632/20501/19094/269338/13537/11487/18018/214058/16971/21803/12608/12484/77573/16889/50770/11502/11491/22174",61
"Cellular Processes","Transport and catabolism","mmu04140","Autophagy - animal - Mus musculus (house mouse)","62/2215","167/10650",0.37125748502994,1.78505291899271,5.23978069834918,7.59445310685488e-07,1.31763761403932e-05,6.91494940782049e-06,"66922/226421/18518/19744/69635/12633/13033/13030/18412/56486/11652/19349/15251/218035/17532/67727/71648/57436/228545/67443/27103/213948/12176/108079/74769/100502841/16438/217695/26420/74498/17274/12048/18749/225326/72145/12043/20130/78610/66795/329015/18710/269338/64930/170749/641340/100504663/105787/52639/73683/19338/74302/237782/77573/74244/56480/100502698/17966/18709/666468/54170/21353/110157",62
"Human Diseases","Infectious disease: viral","mmu05169","Epstein-Barr virus infection - Mus musculus (house mouse)","79/2215","229/10650",0.344978165938865,1.65869863081215,5.16355181314206,8.23932375038243e-07,1.34076668686031e-05,7.03633055746502e-06,"22352/21926/12443/15205/17999/252870/17060/17096/12495/26398/19697/12125/14102/12317/15976/26397/16476/56489/15018/12575/12028/12010/18035/13063/19664/11652/19182/20963/234779/21929/12444/11783/18037/17873/14964/15975/12428/110557/246727/12370/74769/22031/21355/22033/26420/17463/54123/19179/16151/70247/50724/12043/71609/19698/12367/60406/12447/266632/15894/21354/59029/12122/18710/14998/19094/100038882/15182/12571/56436/12445/18034/16193/24088/66935/56480/23882/18709/107986/18036",79
"Organismal Systems","Development and regeneration","mmu04380","Osteoclast differentiation - Mus musculus (house mouse)","53/2215","136/10650",0.389705882352941,1.87375514539902,5.25501487179676,8.50053807231323e-07,1.34076668686031e-05,7.03633055746502e-06,"16176/22177/21926/13057/14728/14282/14281/14283/17060/17970/19055/19697/21937/20375/15976/16175/21682/16476/17342/16822/17972/17969/14131/18412/18035/12977/11652/21808/14389/14360/20963/16440/234779/100201/15975/16439/19261/14200/74769/16438/26420/16177/16151/12326/19698/18710/19094/15980/18018/21803/18034/11433/18709",53
"Metabolism","Global and overview maps","mmu01212","Fatty acid metabolism - Mus musculus (house mouse)","30/2215","62/10650",0.483870967741935,2.32651277943639,5.36783369354869,1.12903861272074e-06,1.70337564614824e-05,8.93929885586669e-06,"20250/11364/20280/106529/93747/74205/170439/52538/110446/70757/14081/66775/56348/15107/113868/66885/94180/30963/14104/11370/74559/56473/234309/15488/83603/76267/57874/50790/433256/80911",30
"Human Diseases","Cancer: overview","mmu05205","Proteoglycans in cancer - Mus musculus (house mouse)","71/2215","204/10650",0.348039215686274,1.67341654494755,4.97648375270941,2.03885055305601e-06,2.94783809129348e-05,1.54702256876618e-05,"17698/66922/21926/14734/12443/18569/22417/18479/20969/14268/22419/69632/13649/12512/21825/21844/17295/13867/19878/57257/108058/20971/15200/14368/14102/12575/15163/11465/74055/11652/22324/21808/319757/12390/16440/22413/17395/15251/234779/14388/17532/16402/16439/16419/74769/192176/14733/14362/16438/21898/15530/109676/18749/16398/20130/12842/12367/20544/66911/18710/19094/17022/12843/21803/22409/19303/16801/24088/18709/18751/110157",71
"Human Diseases","Infectious disease: bacterial","mmu05152","Tuberculosis - Mus musculus (house mouse)","64/2215","180/10650",0.355555555555556,1.70955605718585,4.91981031643212,2.84513628430792e-06,3.94904916261939e-05,2.07245716709588e-05,"16176/56619/14127/12475/21926/70405/240354/69632/16155/108058/19055/19697/21937/16175/16414/14131/12028/114143/12314/13033/11984/13063/12266/11652/22337/21808/12721/20963/19349/83430/16409/11783/108960/16149/27060/257632/16985/16173/12370/18779/21871/21898/26420/16153/225326/12043/216238/71609/12367/266632/12315/13040/12122/56632/14998/19094/18044/15980/15510/21803/12608/16193/24088/110157",64
"Human Diseases","Immune disease","mmu05323","Rheumatoid arthritis - Mus musculus (house mouse)","37/2215","87/10650",0.425287356321839,2.04483537012532,5.01432625601517,3.47427482084469e-06,4.63682062628118e-05,2.43339896358757e-05,"330122/20302/16176/20310/20311/17392/21926/14825/14281/16175/16476/16414/20296/11974/66290/114143/11984/12977/21808/83430/69583/12519/27060/12477/16173/73834/21871/66335/21898/15894/66144/14998/21803/16156/11433/16193/24088",37
"Human Diseases","Endocrine and metabolic disease","mmu04933","AGE-RAGE signaling pathway in diabetic complications - Mus musculus (house mouse)","41/2215","101/10650",0.405940594059406,1.95181369152717,4.92499420422726,4.38548098170688e-06,5.63615518760107e-05,2.95784877128768e-05,"16176/21926/12443/14066/14268/13614/56458/12825/19697/13653/12826/16175/16476/12827/20296/12028/74055/11652/21808/234779/18797/74769/18799/22329/26420/12830/12043/18795/12842/20851/12367/15894/18710/19094/18018/12843/21803/16193/18709/20850/18751",41
"Metabolism","Amino acid metabolism","mmu00280","Valine, leucine and isoleucine degradation - Mus musculus (house mouse)","27/2215","57/10650",0.473684210526316,2.27753356302721,4.95563139529135,6.41950364282956e-06,7.95559915736378e-05,4.17509071507336e-05,"11364/67041/93747/11669/52538/110446/208715/15107/113868/73724/208982/104776/58875/15108/66885/78894/66904/56357/78038/227095/12036/12040/73988/11671/72039/17850/15356",27
"Environmental Information Processing","Signal transduction","mmu04070","Phosphatidylinositol signaling system - Mus musculus (house mouse)","39/2215","96/10650",0.40625,1.95330135440181,4.80790654080584,7.29321312517255e-06,8.7267067394306e-05,4.57976722560744e-05,"70405/233011/16329/75678/84095/74596/16331/12314/18704/74055/18718/16440/18717/234779/53332/18797/16439/74769/18799/219135/16438/104418/17772/114663/225326/16332/18795/234515/12315/18710/227333/170749/320404/74302/20975/55980/18709/110911/18751",39
"Human Diseases","Infectious disease: viral","mmu05165","Human papillomavirus infection - Mus musculus (house mouse)","109/2215","359/10650",0.303621169916435,1.4598489659639,4.5418457932071,8.97342643890038e-06,0.000103792632476614,5.44702727694655e-05,"20750/21926/12443/22417/16777/224912/16403/14268/22419/18759/15205/13649/18131/21825/16774/16782/11789/93742/93737/56458/58220/71978/18128/19744/69116/12695/21923/19697/21937/21415/14368/14102/23859/16399/12826/15976/12827/56489/15018/12575/12028/18746/11974/66290/114143/11984/19664/11652/225849/22413/16362/19225/12444/16780/14964/15975/217325/16402/27060/16419/21828/192897/16421/12428/231991/110557/12370/74769/22031/73834/16776/21871/14362/14924/66335/105782/18749/12830/19179/16398/16151/71609/12842/12367/12447/18129/19219/66144/18710/100038882/21826/64930/15182/12571/109700/12445/12843/12835/22409/12834/12833/21374/19303/56480/237336/52432/18709/231655/110157",109
"Metabolism","Global and overview maps","mmu01232","Nucleotide metabolism - Mus musculus (house mouse)","35/2215","85/10650",0.411764705882353,1.97981675740274,4.64748835487101,1.49372912556561e-05,0.000167201292442345,8.77470759670123e-05,"66355/27369/80914/56248/66588/18950/11717/12495/382985/22436/22271/23959/209558/23917/68556/18102/66566/11639/18103/109674/18605/66422/54369/22171/20135/11821/78801/229665/68106/12496/50773/55936/210808/20133/110074",35
"Metabolism","Global and overview maps","mmu01200","Carbon metabolism - Mus musculus (house mouse)","46/2215","123/10650",0.373983739837398,1.79816109673512,4.56235983809537,1.5796271649974e-05,0.000171290820704406,8.98932564291285e-05,"17449/11676/93747/76282/21881/15277/109264/66171/110446/20917/67680/14661/56421/104174/73724/18746/14433/13885/110208/18642/104776/107029/19895/56451/212032/107272/13806/269951/434437/67078/18648/11674/236539/100198/66904/227095/66052/18641/15275/14718/18655/21991/17850/108037/328099/80911",46
"Environmental Information Processing","Signaling molecules and interaction","mmu04512","ECM-receptor interaction - Mus musculus (house mouse)","36/2215","89/10650",0.404494382022472,1.94486012123672,4.58678873147713,1.81547669868699e-05,0.000190900125589208,0.0001001842005974,"20750/16777/20969/16403/14268/21825/16774/16782/231470/20971/21923/16399/12826/242022/12827/13138/16780/16423/16402/16419/21828/192897/16421/15366/114249/16776/15530/12830/16398/12842/21826/109700/12843/12835/12834/12833",36
"Human Diseases","Infectious disease: bacterial","mmu05134","Legionellosis - Mus musculus (house mouse)","27/2215","60/10650",0.45,2.16365688487585,4.63181626939697,2.0877391934357e-05,0.00021307220591829,0.000111820086831076,"330122/16176/20310/12475/21926/14825/94044/66397/19697/16414/13627/18035/13063/12266/16409/11783/16173/12176/12370/21898/12367/193740/15499/15510/18034/16193/24088",27
"Cellular Processes","Transport and catabolism","mmu04146","Peroxisome - Mus musculus (house mouse)","35/2215","87/10650",0.402298850574713,1.93430372849693,4.48386784257991,2.7122609216651e-05,0.000268901297090798,0.000141119139683628,"13850/51798/20280/74205/74114/19299/14081/228061/16922/22436/113868/76263/208982/18477/67993/56273/18634/20524/269951/20656/28200/18631/15488/17855/26378/59038/234384/56794/93734/50790/12908/433256/20655/15356/80911",35
"Genetic Information Processing","Folding, sorting and degradation","mmu04141","Protein processing in endoplasmic reticulum - Mus musculus (house mouse)","60/2215","177/10650",0.338983050847458,1.62987335960516,4.33015115791723,3.05746165519135e-05,0.000294705331764278,0.000154661072031609,"81489/12334/226641/64209/67128/18415/26965/75744/15505/12333/11911/66397/213539/12317/66212/20335/12330/15502/12028/20832/12364/18024/66530/18453/110616/27054/22027/66861/50873/67838/56709/22393/66357/67437/54609/72265/216080/26420/12915/116891/69608/12043/12282/217365/81500/108159/193740/26408/16430/192193/57377/67397/17872/18786/13198/53421/103963/71853/66059/12304",60
"Environmental Information Processing","Signal transduction","mmu04015","Rap1 signaling pathway - Mus musculus (house mouse)","70/2215","215/10650",0.325581395348837,1.56543650585333,4.29195917859189,3.17790537142994e-05,0.000298035990239511,0.000156408998366253,"70405/217944/54519/16590/13640/12550/17356/18759/13649/14293/21825/14183/93742/21844/17295/13636/93737/99470/58220/18049/57257/76089/16399/26397/238130/16414/16822/19354/18643/12314/11465/74055/12977/11652/110351/17311/22324/14677/15901/16409/12927/17532/11541/18797/170758/56508/74769/14924/13638/18591/18053/70549/75292/18795/14026/20130/12315/14164/14745/18710/107746/19094/50791/18595/14682/11515/19730/18709/18751/110157",70
"Human Diseases","Endocrine and metabolic disease","mmu04936","Alcoholic liver disease - Mus musculus (house mouse)","50/2215","141/10650",0.354609929078014,1.7050093655444,4.31839616929587,3.65012309879543e-05,0.000333313872442636,0.000174922796701277,"330122/11522/16176/20310/11529/12475/21926/20250/12443/11364/11669/14825/56458/20462/12273/26398/19697/21937/21415/14102/26397/72674/56489/18035/12266/11652/19079/14104/11370/108079/12370/22031/21898/26420/64898/20787/16151/71609/64899/11671/12367/266632/19094/26408/16172/105787/16193/56480/80911/66724",50
"Human Diseases","Infectious disease: viral","mmu05162","Measles - Mus musculus (house mouse)","51/2215","145/10650",0.351724137931034,1.69113411691445,4.29385169154621,3.93371256880285e-05,0.000349999554198612,0.00018367942628958,"16176/17698/12443/14281/68135/19697/14102/15976/16175/16476/56489/14694/12028/18035/13063/11652/71586/21929/12444/11783/208650/15975/27103/246727/12370/74769/22031/21898/26420/12048/54123/16151/12043/71609/20851/12367/12447/266632/193740/12122/18710/12571/12445/56382/15467/16193/24088/56480/18709/20850/18036",51
"Environmental Information Processing","Signal transduction","mmu04010","MAPK signaling pathway - Mus musculus (house mouse)","91/2215","299/10650",0.304347826086957,1.46334282068898,4.16433456202491,4.3993700147321e-05,0.00038164534877801,0.000200287108565435,"16176/12475/66922/21926/16180/18479/16590/19417/13640/235584/13649/14281/13874/110651/14183/17295/13636/63953/13867/19042/18049/76089/67603/19055/11911/26398/19697/21937/26401/14102/16175/26397/16476/15507/19354/12977/11652/53608/17311/21808/20111/225028/319520/17532/12531/17873/20112/17164/170758/14701/18205/192176/13638/26420/16177/72349/12293/18591/18053/18749/16151/18218/71609/19698/70686/20130/12367/266632/14164/20807/193740/26411/19094/26408/11876/58231/13537/18018/18595/21803/13198/12294/14573/18034/14673/114713/17346/18212/23882/18751/110157",91
"Human Diseases","Infectious disease: parasitic","mmu05140","Leishmaniasis - Mus musculus (house mouse)","29/2215","70/10650",0.414285714285714,1.99193808448887,4.26667424573872,6.90463502069516e-05,0.000584367890775907,0.000306675701817782,"16176/21926/13057/14281/17970/19697/16175/16476/16414/17972/17969/14131/17357/13627/18035/12266/21808/19225/16409/21898/16153/266632/14998/19094/15980/21803/24088/18751/18036",29
"Organismal Systems","Immune system","mmu04666","Fc gamma R-mediated phagocytosis - Mus musculus (house mouse)","36/2215","94/10650",0.382978723404255,1.84141011478795,4.19875660303054,7.22771648951641e-05,0.000597147052824332,0.000313382193655724,"18479/330662/17909/227753/20259/19264/57257/17096/11845/16331/17969/14131/19354/11867/17357/17118/12631/50784/74192/11652/67771/211914/22324/14389/20963/18717/234779/74769/67916/16332/56632/18710/18805/18709/18751/110157",36
NA,NA,"mmu04820","Cytoskeleton in muscle cells - Mus musculus (house mouse)","73/2215","233/10650",0.313304721030043,1.50640870382391,4.00503693177175,8.91282123917996e-05,0.000719243946510569,0.000377458524939568,"22352/71409/74103/71960/319565/13506/20969/16403/14268/54132/64009/16480/21825/208846/56376/109620/20743/11717/20971/12825/16399/12826/12827/326618/22003/11465/13138/13003/16651/54004/13806/24051/70435/14118/16402/16419/21828/109674/192897/16421/213019/14200/13008/17929/15530/109676/12832/12830/16398/70549/14115/12842/229665/21956/77053/57778/14114/22379/21826/13527/12340/11931/67399/109700/12843/12835/12834/20650/13007/12833/16907/16906/13405",73
NA,NA,"mmu04382","Cornified envelope formation - Mus musculus (house mouse)","70/2215","223/10650",0.31390134529148,1.50927734869267,3.93845457154682,0.000115563542362001,0.000906557691311318,0.00047576059638058,"20201/20202/13510/20758/20759/67855/13850/18260/94060/12821/16403/19041/13512/16480/14027/21872/16774/110310/16782/16665/225256/16667/109620/71978/12333/16669/53624/18553/20198/545548/94179/12826/16663/20762/20763/12740/12827/110308/268482/20753/20194/20195/20196/20754/16688/239931/16668/16664/16687/225849/16780/16691/74591/192897/16678/71529/74127/16776/386463/628324/76560/74176/12830/83603/12365/21816/332131/52432/26569/109052",70
"Human Diseases","Infectious disease: parasitic","mmu05142","Chagas disease - Mus musculus (house mouse)","38/2215","103/10650",0.368932038834951,1.77387187972561,4.04410050844416,0.000117565118469768,0.000906557691311318,0.00047576059638058,"20302/16176/21926/14281/71978/26398/19697/21937/14102/12317/16476/20296/12633/18035/12266/11652/21808/14677/18797/14675/12370/74769/21898/26420/16153/16151/18795/266632/14676/18710/19094/15980/21803/14682/16193/24088/52432/18709",38
"Organismal Systems","Development and regeneration","mmu04360","Axon guidance - Mus musculus (house mouse)","59/2215","181/10650",0.325966850828729,1.5672898245264,3.94448597809963,0.000124348283774339,0.000938018575428163,0.000492271237825185,"22417/20356/18479/13640/22419/69632/226251/93742/17295/13636/53972/19878/93737/58220/108058/19055/67938/171171/20354/19354/12767/12631/14677/319757/11854/319713/14360/234779/20346/13838/12568/13641/107448/18845/50780/13642/57764/20361/12934/18481/20352/170758/74769/13638/70584/107449/259302/20130/20349/117600/214230/13835/108151/16728/20563/18710/18186/18709/110157",59
"Human Diseases","Drug resistance: antineoplastic","mmu01523","Antifolate resistance - Mus musculus (house mouse)","15/2215","28/10650",0.535714285714286,2.57578200580458,4.27829512104423,0.000131196391332964,0.000968620165798693,0.000508330922745863,"16176/21926/14275/26357/19697/17250/16151/22171/20509/17769/27416/108147/238505/108037/16193",15
"Human Diseases","Cancer: overview","mmu05230","Central carbon metabolism in cancer - Mus musculus (house mouse)","28/2215","69/10650",0.405797101449275,1.95112376091864,4.0615981711149,0.000140854252889634,0.00099357679711484,0.000521428138634514,"16590/20539/13649/15277/14183/17295/20525/56421/80879/18746/18642/228026/11652/212032/15251/269951/18648/16828/100126824/74769/319801/20514/18710/18641/15275/18595/18709/110157",28
"Human Diseases","Infectious disease: viral","mmu05163","Human cytomegalovirus infection - Mus musculus (house mouse)","78/2215","256/10650",0.3046875,1.46497601580135,3.85885014640334,0.000144809657593564,0.00099357679711484,0.000521428138634514,"20303/20302/16176/21926/70405/12443/69632/13649/16155/12768/19878/19744/19055/11911/19697/21937/14102/213498/12317/20296/15018/19354/12575/12767/12028/12314/12010/18035/64337/13063/12771/20312/11652/14677/16440/19225/12927/14964/18797/16439/231991/110557/170758/14701/12370/74769/21355/66066/22033/16438/16177/12915/18749/16151/18795/71609/12367/12315/19219/21354/12122/19229/18710/19094/64930/12571/18018/18595/19303/14682/16801/14673/16193/11515/56480/18709/18751/110157",78
"Metabolism","Carbohydrate metabolism","mmu00051","Fructose and mannose metabolism - Mus musculus (house mouse)","18/2215","37/10650",0.486486486486487,2.3390885241901,4.18109276702368,0.000145386494985859,0.00099357679711484,0.000521428138634514,"11997/11676/15277/14187/56421/18642/20322/212032/67861/16548/11674/319801/331026/170768/18641/15275/21991/75540",18
NA,NA,"mmu04517","IgSF CAM signaling - Mus musculus (house mouse)","89/2215","300/10650",0.296666666666667,1.42641083521445,3.83899387749968,0.000146030019172498,0.00099357679711484,0.000521428138634514,"17698/109711/16180/71960/13052/18479/16456/19268/12550/17356/21873/18759/108100/58235/111173/19266/21872/93742/17756/380928/60595/93737/13822/54725/56458/223435/58220/57257/76089/20743/17096/11845/18858/52118/227613/67938/22152/19283/16414/16822/16331/12523/11867/11465/107589/74192/11652/67771/18187/13821/22324/19280/14360/53857/234779/16409/73710/12927/107448/18845/327814/16402/12519/18481/71566/74769/14924/22154/26420/109676/70584/107449/259302/117600/214230/15894/17475/16728/74053/20563/18710/19094/50791/18186/76787/19303/252966/18709/18751",89
"Metabolism","Lipid metabolism","mmu00100","Steroid biosynthesis - Mus musculus (house mouse)","12/2215","20/10650",0.6,2.88487584650113,4.32344412022026,0.000149015682942604,0.000994393115020837,0.000521856541479159,"20775/13121/14137/20652/235293/66234/74754/16987/73166/18194/13360/16889",12
"Human Diseases","Infectious disease: viral","mmu05161","Hepatitis B - Mus musculus (house mouse)","54/2215","164/10650",0.329268292682927,1.5831635742994,3.85661354142226,0.00017691704828244,0.00115830595762277,0.000607877842162106,"21926/14281/22630/11911/26398/19697/26401/14102/26397/16476/56489/12575/12028/12364/18035/13063/11652/71586/21808/17395/11799/11783/15975/12428/231991/12370/74769/22031/21898/26420/15530/12915/54123/16151/12043/20851/12367/12447/266632/12122/19229/18710/19094/18018/20852/21803/16193/24088/56480/18709/20850/18751/107986/110157",54
"Metabolism","Carbohydrate metabolism","mmu00562","Inositol phosphate metabolism - Mus musculus (house mouse)","30/2215","77/10650",0.38961038961039,1.87329600422151,3.94100018143794,0.000197134833857213,0.00124374158815369,0.000652714378130101,"233011/16329/75678/84095/16331/104776/18704/74055/18718/18717/234779/53332/18797/74769/18799/219135/71780/17772/114663/103199/225326/16332/18795/234515/170749/320404/74302/20975/21991/55980",30
"Human Diseases","Infectious disease: bacterial","mmu05133","Pertussis - Mus musculus (house mouse)","30/2215","77/10650",0.38961038961039,1.87329600422151,3.94100018143794,0.000197134833857213,0.00124374158815369,0.000652714378130101,"16176/12475/20311/216799/21926/70405/14281/19697/16175/16476/16414/12314/12631/12266/14677/16362/83430/16409/16402/21898/26420/16153/50908/50909/12367/266632/12315/107607/19094/16193",30
"Metabolism","Glycan biosynthesis and metabolism","mmu00513","Various types of N-glycan biosynthesis - Mus musculus (house mouse)","20/2215","44/10650",0.454545454545455,2.1855120049251,4.0378968300747,0.000204552445074965,0.00126749461501809,0.000665179943570844,"71367/15212/17158/320302/67574/269181/330406/66357/217664/208211/16430/20441/103963/207958/53618/68947/15211/66059/14595/208624",20
"Metabolism","Nucleotide metabolism","mmu00240","Pyrimidine metabolism - Mus musculus (house mouse)","24/2215","57/10650",0.421052631578947,2.02447427824641,3.9739988395422,0.000212295298723489,0.0012923941869658,0.000678247214758331,"80914/66588/12495/382985/103149/22271/23959/69719/209558/68556/18102/18103/99586/18605/66422/54369/22171/20135/68106/22247/50773/55936/20133/110074",24
"Human Diseases","Infectious disease: viral","mmu05166","Human T-cell leukemia virus 1 infection - Mus musculus (house mouse)","75/2215","247/10650",0.303643724696356,1.45995741219693,3.74787876987998,0.0002167503337324,0.00129676492767488,0.000680540975239659,"21926/12443/11739/18970/14281/22333/110196/14283/20525/59008/19055/11911/69010/26398/16169/19697/21937/26401/20375/13653/12317/12257/16476/16414/12330/15018/12575/12028/12010/18035/11652/16178/21808/100683/12444/14964/56150/12428/231991/110557/12649/103573/74769/26420/16177/12048/12915/18749/16151/70549/19698/20851/12236/12447/15894/20807/18710/14998/217232/18186/14534/18018/12445/234729/52717/21803/21374/18034/16193/19385/11515/237336/12580/18709/20850",75
"Cellular Processes","Cell growth and death","mmu04215","Apoptosis - multiple species - Mus musculus (house mouse)","16/2215","32/10650",0.5,2.40406320541761,4.07604549215929,0.000226653316388939,0.00131418796826985,0.000689684570030894,"51800/21937/12125/11796/12028/13063/11799/11783/58801/12370/26420/12048/18053/12043/12367/12122",16
"Metabolism","Lipid metabolism","mmu01040","Biosynthesis of unsaturated fatty acids - Mus musculus (house mouse)","17/2215","35/10650",0.485714285714286,2.33537568526282,4.05486334600897,0.000227237112669139,0.00131418796826985,0.000689684570030894,"20250/20280/106529/170439/70757/66775/56348/70025/113868/30963/74559/56473/15488/83603/76267/57874/80911",17
"Organismal Systems","Immune system","mmu04621","NOD-like receptor signaling pathway - Mus musculus (house mouse)","68/2215","220/10650",0.309090909090909,1.48614816334907,3.73367550758848,0.000238142535052976,0.00135467966661283,0.000710934574014923,"330122/16176/20310/216799/21926/13057/15944/71914/14825/22333/69538/12363/109333/14469/19697/244332/11796/15976/16476/20296/56489/54483/12364/13030/56486/18035/24014/16440/21929/56338/57436/22166/18797/15975/67443/16439/257632/16173/246727/170731/12370/59079/22031/22051/22033/16438/67955/21898/18439/26420/270151/12048/54123/16151/56532/12043/18795/266632/55991/107607/19094/24105/59125/16193/56480/18036/21353/66724",68
"Organismal Systems","Nervous system","mmu04722","Neurotrophin signaling pathway - Mus musculus (house mouse)","42/2215","121/10650",0.347107438016529,1.66893644012462,3.79212559152537,0.000254141564137324,0.00142237294767179,0.000746459942203005,"70405/110651/73914/18049/108058/11911/19697/26401/16476/12028/12314/18035/20661/11652/23921/20111/234779/14388/18037/108960/20112/17164/192662/18205/74769/26420/18053/12326/12043/266632/12315/18710/107746/19094/26408/12070/20416/72843/18212/18709/18036/110157",42
"Metabolism","Glycan biosynthesis and metabolism","mmu00532","Glycosaminoglycan biosynthesis - chondroitin sulfate / dermatan sulfate - Mus musculus (house mouse)","12/2215","21/10650",0.571428571428571,2.74750080619155,4.10751883863427,0.000282020229307595,0.00155334951697993,0.000815196318633482,"233781/58250/212898/77590/218271/338362/234356/319901/74241/100910/269941/78752",12
"Cellular Processes","Transport and catabolism","mmu04144","Endocytosis - Mus musculus (house mouse)","80/2215","270/10650",0.296296296296296,1.42463004765488,3.62153480276434,0.000323383223110302,0.00171111374137122,0.000897990830448117,"66371/14275/20404/16835/98878/18759/212285/13649/17999/14183/93742/83814/27965/93737/58220/16573/232227/68953/230597/11845/66251/13859/58194/215280/15018/12767/72318/11867/103967/74192/13660/67771/211914/12390/22042/234852/52055/14773/18717/73711/19349/13132/227700/75608/14964/208650/13854/13855/110557/20479/69710/56433/28084/67282/17274/28006/106572/54189/216238/319277/193740/11773/218441/12340/245666/18595/18805/67588/67064/16004/99371/140500/72685/69780/66914/75767/13858/223593/69150/215632",80
"Cellular Processes","Cell growth and death","mmu04218","Cellular senescence - Mus musculus (house mouse)","58/2215","183/10650",0.316939890710383,1.52388705917182,3.66311741066504,0.000325380507285397,0.00171111374137122,0.000897990830448117,"66922/70405/16009/12443/11739/12334/22333/15258/56458/19744/103213/12333/19055/19697/16175/26397/15018/12575/12314/18412/11652/21808/12534/16440/12444/17532/17873/268697/14964/16439/12428/17164/110557/12649/19367/104394/74769/17865/12530/16438/72568/20130/217708/12447/12315/63873/18710/19094/64930/12571/18018/12445/21803/67738/16193/23882/18709/110157",58
"Environmental Information Processing","Signal transduction","mmu04151","PI3K-Akt signaling pathway - Mus musculus (house mouse)","104/2215","368/10650",0.282608695652174,1.35881833349691,3.58970260104365,0.000325456792306918,0.00171111374137122,0.000897990830448117,"20750/12985/83490/12443/16777/16590/13640/16403/14268/13649/13874/18414/21825/16774/14183/170755/14600/16782/22630/17295/13636/13867/109333/13684/18049/71978/19744/11911/21923/19697/12125/16399/12826/15976/12827/18413/12575/12986/64337/12977/11652/16190/17311/225849/20963/12444/16780/22027/15975/16402/16419/12189/21828/244650/192897/16421/231991/14701/108079/18205/16188/22629/74769/16776/66066/14924/21898/13638/12048/12915/18591/18053/12830/16398/16151/12043/17210/12842/12447/14164/14745/14936/18710/50791/11876/21826/64930/12571/18595/105787/109700/12445/12843/12835/12834/12833/14573/68401/16193/24088/18212/52432/18709/110157",104
"Genetic Information Processing","Replication and repair","mmu03030","DNA replication - Mus musculus (house mouse)","17/2215","36/10650",0.472222222222222,2.27050413844996,3.91278989387974,0.000347762678236847,0.00178837509362667,0.000938537513112133,"66979/17218/17220/16881/14156/17215/18973/68240/18974/69263/19076/17217/68209/69745/19891/59001/381760",17
"Human Diseases","Immune disease","mmu05321","Inflammatory bowel disease - Mus musculus (house mouse)","25/2215","62/10650",0.403225806451613,1.93876064953033,3.79876554741339,0.000354213833920427,0.00178837509362667,0.000938537513112133,"16176/21926/19883/17132/19697/16175/16476/16174/16190/21808/83430/14462/257632/16173/16182/21898/209590/16153/14998/15980/18018/20852/21803/16193/24088",25
"Metabolism","Carbohydrate metabolism","mmu00052","Galactose metabolism - Mus musculus (house mouse)","16/2215","33/10650",0.484848484848485,2.33121280525344,3.92466220595319,0.000355613491239886,0.00178837509362667,0.000938537513112133,"11997/15277/14187/56421/18642/212032/67861/11605/319625/76051/12091/18641/15275/66681/68401/14595",16
"Cellular Processes","Cell motility","mmu04810","Regulation of actin cytoskeleton - Mus musculus (house mouse)","71/2215","235/10650",0.302127659574468,1.45266797944383,3.59569465119358,0.000370529416878292,0.00183676725223953,0.000963933670976608,"17698/109711/66922/71960/18479/330662/16403/14268/69632/108100/13649/227753/50884/20259/14183/11789/21844/60595/19878/57257/226970/67938/16399/16414/19354/12767/18643/11867/12631/11465/19241/107589/74192/11652/67771/54004/22324/18718/18717/16409/12927/17532/105855/16402/16419/192897/18481/16421/170758/14701/74769/70584/18591/16398/20130/214230/20544/14164/14745/544963/18710/66214/18595/109700/329165/19303/16801/14673/219140/18709/110157",71
"Human Diseases","Cancer: overview","mmu05203","Viral carcinogenesis - Mus musculus (house mouse)","69/2215","228/10650",0.302631578947368,1.4550908874896,3.55949808742216,0.000422446787688178,0.00206463430039152,0.00108351807665018,"109711/12443/22029/227753/18970/20259/22630/252870/56233/60595/17096/69116/11911/19697/16476/15018/12575/12028/18746/18035/19664/12266/12771/12534/20963/12444/14964/12428/231991/17164/110557/12649/58801/22629/83945/12370/74769/22031/22033/105782/12915/18749/54123/19179/23894/16151/71609/20851/12367/12447/20807/18710/83602/15182/12571/14534/19696/209357/12445/234729/21374/19303/229906/18034/19385/114713/237336/18709/20850",69
"Environmental Information Processing","Signal transduction","mmu04066","HIF-1 signaling pathway - Mus musculus (house mouse)","40/2215","117/10650",0.341880341880342,1.64380390114024,3.58813874690597,0.000501645141335466,0.00241765088949176,0.00126878083992742,"13819/112407/11676/21857/13649/15277/13614/13684/20525/108058/56421/19697/112405/15368/12575/14433/18642/228026/11652/212032/22042/15251/234779/13806/11674/16828/74769/21898/12043/18710/170768/18641/15275/15980/22346/18655/16193/17346/18709/18751",40
"Human Diseases","Cancer: specific types","mmu05210","Colorectal cancer - Mus musculus (house mouse)","32/2215","88/10650",0.363636363636364,1.74840960394008,3.612487406448,0.000529636694637084,0.00251758812382285,0.00132122780349265,"12443/13649/14281/13874/11789/72993/21415/12125/16476/19354/12575/12028/13063/17685/11652/21808/11799/17873/170758/58801/74769/26420/12043/12367/17686/18710/21803/19730/23882/18709/107986/110157",32
"Metabolism","Xenobiotics biodegradation and metabolism","mmu00983","Drug metabolism - other enzymes - Mus musculus (house mouse)","34/2215","96/10650",0.354166666666667,1.70287810383747,3.54491496023305,0.000627891711840049,0.0029084049802638,0.00152632811037657,"104158/14859/14858/66447/80914/14863/66588/14862/382985/14860/22436/103140/103149/14873/13897/22271/14872/72361/211666/23917/68556/18102/56615/18103/99586/14857/14870/54369/20135/14871/22247/110006/20133/110074",34
"Human Diseases","Infectious disease: viral","mmu05170","Human immunodeficiency virus 1 infection - Mus musculus (house mouse)","72/2215","243/10650",0.296296296296296,1.42463004765488,3.43122989665576,0.000628617791123299,0.0029084049802638,0.00152632811037657,"21926/70405/21938/18479/14281/26965/19055/19697/21937/14102/12317/26397/16476/15018/19354/12767/12028/12314/12010/12631/18035/64337/13063/80287/11652/14677/11767/12534/16440/234779/69550/268697/14964/16439/18481/110557/12649/170758/14701/12370/74769/21355/66066/22033/16438/21898/26420/70584/11769/12048/16151/12043/71609/12367/214230/266632/12315/21354/12122/19229/18710/19094/108012/18018/19303/14682/24088/56480/18709/18751/11766/110157",72
"Metabolism","Metabolism of other amino acids","mmu00450","Selenocompound metabolism - Mus musculus (house mouse)","10/2215","17/10650",0.588235294117647,2.82830965343248,3.86585037909502,0.000678670178064743,0.00309866515511139,0.00162617646544599,"107869/23971/50493/20768/23972/214580/232223/50880/70266/238505",10
"Cellular Processes","Cell growth and death","mmu04216","Ferroptosis - Mus musculus (house mouse)","18/2215","41/10650",0.439024390243902,2.11088476573253,3.65193004738531,0.000706257752379588,0.00318274597500931,0.00167030199810894,"26570/67547/74205/625249/14081/27057/15368/213053/14325/14630/14319/22042/67443/12870/50790/74244/14629/433256",18
"Human Diseases","Infectious disease: parasitic","mmu05145","Toxoplasmosis - Mus musculus (house mouse)","37/2215","109/10650",0.339449541284404,1.63211630459544,3.3991323138264,0.000930678716141133,0.00414032710898684,0.00217283964767093,"21926/15944/16835/16777/16403/16155/16774/16782/19697/21937/11796/26397/18035/13063/11652/21808/14677/16780/16145/12370/16776/21898/26420/16153/12048/16151/12043/12367/266632/193740/14998/19094/15980/21803/24088/18036/105675",37
"Organismal Systems","Immune system","mmu04662","B cell receptor signaling pathway - Mus musculus (house mouse)","30/2215","84/10650",0.357142857142857,1.71718800386972,3.38155216867616,0.00109443586054353,0.00480720561529878,0.00252281684042678,"83490/14728/240354/14281/17060/57257/17096/19055/19697/16476/16331/19354/68713/18035/11652/22324/20963/234779/18037/170758/74769/16151/12520/16332/18710/18018/18709/18751/18036/110157",30
"Metabolism","Amino acid metabolism","mmu00270","Cysteine and methionine metabolism - Mus musculus (house mouse)","22/2215","56/10650",0.392857142857143,1.88890680425669,3.41758240507242,0.00118720956017694,0.00514952146726749,0.00270246386724489,"12583/107869/17449/246221/232087/11702/56369/22117/14630/20603/107272/236539/16828/12036/73988/70266/20810/13433/14718/238505/210808/14629",22
"Organismal Systems","Immune system","mmu04611","Platelet activation - Mus musculus (house mouse)","41/2215","126/10650",0.325396825396825,1.56454907019241,3.26659493732973,0.00131181933915435,0.00561976926773531,0.00294924945644838,"14127/108101/19224/54519/69632/18759/19878/19092/17096/12825/67938/16399/16822/14131/11465/107589/20866/11652/14677/14360/20963/16440/234779/18797/16439/20619/74769/16438/18749/16398/70549/18795/12842/18710/19094/12843/14682/16801/19091/11515/18709",41
"Cellular Processes","Transport and catabolism","mmu04137","Mitophagy - animal - Mus musculus (house mouse)","34/2215","100/10650",0.34,1.63476297968397,3.26801540928651,0.00142439791742563,0.00602763508959384,0.00316329704383356,"66922/226421/59026/94044/11911/19697/16476/17342/18412/56486/14232/19349/15251/17532/68943/71648/57436/67443/50873/231874/213948/12176/170731/26420/270151/12048/20130/270096/12034/72542/21425/56480/17966/56715",34
"Environmental Information Processing","Signal transduction","mmu04390","Hippo signaling pathway - Mus musculus (house mouse)","49/2215","158/10650",0.310126582278481,1.49112781095522,3.1870778011169,0.00153821197724035,0.00643083802533012,0.00337489755310818,"12443/22417/209456/21676/319710/12550/22419/18759/22601/97064/22630/11789/93742/56289/211652/93737/58220/71978/12385/21679/12695/12161/20583/21415/14368/23859/11796/16414/11465/12156/14219/21808/15901/22413/11799/12444/217325/21678/22629/14362/105782/64010/14164/101543/73246/12445/21803/22409/52432",49
"Organismal Systems","Immune system","mmu04623","Cytosolic DNA-sensing pathway - Mus musculus (house mouse)","29/2215","82/10650",0.353658536585366,1.70043495017343,3.26269943335309,0.00156555599625874,0.00646723727025933,0.00339399984151331,"20303/16176/216799/27041/19697/77125/26388/74568/56489/54483/18035/16173/66491/12370/13423/54123/16151/56532/12367/67486/67005/26939/218832/17749/70408/70428/16193/56480/18036",29
"Human Diseases","Infectious disease: viral","mmu05164","Influenza A - Mus musculus (house mouse)","53/2215","174/10650",0.304597701149425,1.46454425157624,3.16594018198351,0.00158886157598621,0.00648229174597665,0.00340190041575598,"16176/216799/21926/231382/11739/81489/22333/110196/19697/21937/77125/14102/15976/16175/20296/56489/12028/11465/18035/13063/11652/24014/71586/11783/50528/15975/16173/103573/246727/12370/74769/22031/21898/270151/54123/16151/71609/12367/266632/15894/12122/21933/18710/14998/15980/12571/12445/16193/56480/18709/18751/18036/110157",53
"Organismal Systems","Immune system","mmu04062","Chemokine signaling pathway - Mus musculus (house mouse)","58/2215","194/10650",0.298969072164948,1.43748109189919,3.15120096214909,0.00160656221946395,0.00648229174597665,0.00340190041575598,"330122/57349/20303/20302/20310/20311/18479/20305/14825/140580/93742/21844/12768/19878/57257/17096/19697/94176/20296/20306/56744/17969/19354/14191/12767/18035/64337/12771/20312/11652/22324/14677/14773/24047/234779/12927/57266/18797/170758/14701/74769/66066/20301/18749/16151/18795/20300/20851/19229/18710/20416/19303/14682/11515/18709/18751/18036/110157",58
"Organismal Systems","Endocrine system","mmu04919","Thyroid hormone signaling pathway - Mus musculus (house mouse)","39/2215","120/10650",0.325,1.56264108352144,3.17619101990016,0.00174149988653353,0.00694598230605903,0.00364524477157049,"12443/22417/54720/18131/56458/20525/21833/18128/19744/56421/327987/11465/18642/13371/74055/11936/11652/15251/234779/59024/18797/74769/18799/23989/18749/18795/68975/18129/20544/216154/18710/18641/15182/14534/11931/20502/18709/18751/110157",39
"Human Diseases","Cancer: specific types","mmu05225","Hepatocellular carcinoma - Mus musculus (house mouse)","53/2215","175/10650",0.302857142857143,1.45617542728152,3.11797501927562,0.00182752655110521,0.00720626946856257,0.0037818432217847,"14859/14858/12443/22417/66447/22419/13649/11789/17295/14863/212398/14862/14860/21415/14368/103140/15368/12575/12028/14873/18024/50493/11465/72057/11652/14872/21808/211666/93760/22413/234779/14388/56615/17873/83796/14857/232223/74769/14870/14362/12048/83797/14871/18710/12571/21803/22409/20416/23882/18709/18751/107986/110157",53
"Metabolism","Lipid metabolism","mmu00062","Fatty acid elongation - Mus musculus (house mouse)","14/2215","31/10650",0.451612903225806,2.17141192747397,3.34693604422312,0.00196491200278841,0.00766094904457953,0.00402045862190887,"106529/93747/170439/52538/70757/66775/56348/15107/70025/30963/74559/83603/72852/57874",14
"Metabolism","Xenobiotics biodegradation and metabolism","mmu00980","Metabolism of xenobiotics by cytochrome P450 - Mus musculus (house mouse)","27/2215","76/10650",0.355263157894737,1.7081501722704,3.17476251286436,0.00207363837592433,0.00799502796050826,0.004195782912689,"11522/14859/11529/14858/13849/11670/12409/621603/66447/54486/14863/14862/14860/76263/103140/13078/14873/15483/14872/211666/56615/12408/74134/14857/14870/14871/13107",27
"Environmental Information Processing","Signal transduction","mmu04068","FoxO signaling pathway - Mus musculus (house mouse)","42/2215","133/10650",0.31578947368421,1.5183557086848,3.08252427004774,0.00220459185473849,0.00840652058894788,0.0044117338446473,"12443/26557/13649/170755/12452/252870/56458/12581/12125/12575/56486/11652/21808/19079/73251/12444/20873/17873/268697/57436/20656/18817/12176/108079/74769/26420/12053/16153/26558/20620/18710/16598/19094/58231/67731/105787/21803/68401/16193/23882/18709/110157",42
"Environmental Information Processing","Signaling molecules and interaction","mmu04061","Viral protein interaction with cytokine and cytokine receptor - Mus musculus (house mouse)","32/2215","95/10650",0.336842105263158,1.61957942259712,3.10833919496505,0.00229676070304356,0.00866278221691431,0.00454621969824413,"330122/57349/20303/20302/20310/20311/21926/21938/20305/14825/16155/12768/21937/20296/20306/56744/12767/16174/12771/12977/20312/24047/57266/16173/16182/20301/93672/16153/20300/213208/21933/16193",32
"Cellular Processes","Cell growth and death","mmu04110","Cell cycle - Mus musculus (house mouse)","48/2215","157/10650",0.305732484076433,1.47000043133815,3.04016378713785,0.0023650598691323,0.00882447069450438,0.0046310736543281,"12443/22630/26965/59008/69010/12581/27214/12575/55948/21808/225849/12534/69716/12444/12531/12235/17873/268697/56150/17218/17220/72415/67052/12428/18817/17215/12649/22629/104394/12544/12530/19090/17217/211586/268930/12236/12447/67177/217232/15182/12571/12445/52717/21803/26429/12577/12580/23882",48
"Human Diseases","Infectious disease: viral","mmu05168","Herpes simplex virus 1 infection - Mus musculus (house mouse)","62/2215","214/10650",0.289719626168224,1.39300858631674,2.9760527558759,0.00260996117631182,0.00960896366279875,0.00504277480256085,"16176/21926/58235/19744/19697/21937/14102/11796/12317/15976/20296/56489/15018/12028/12010/18035/13063/12266/11652/24014/71586/20963/69550/11783/14964/16149/15975/16402/27103/21681/57317/110557/246727/12370/74769/22031/21355/22033/20384/12048/54123/18988/16151/12043/71609/67933/18987/12367/266632/21354/13667/12122/18710/14998/15980/217715/64930/15467/16193/24088/56480/18709",62
"Metabolism","Lipid metabolism","mmu00071","Fatty acid degradation - Mus musculus (house mouse)","20/2215","52/10650",0.384615384615385,1.84927938878277,3.14585741052423,0.00263069610364807,0.00960896366279875,0.00504277480256085,"11522/13118/11529/11364/93747/11669/74205/52538/110446/14081/15107/13177/113868/66885/94180/11370/11671/50790/433256/80911",20
"Human Diseases","Cancer: specific types","mmu05211","Renal cell carcinoma - Mus musculus (house mouse)","25/2215","70/10650",0.357142857142857,1.71718800386972,3.08487760810237,0.00274774809803327,0.00982957309296438,0.00515855041736034,"13819/112407/18479/17295/20525/112405/16476/12575/11652/21808/15251/14388/18481/11864/74769/70584/18591/216805/214230/18710/107746/22346/21803/18709/110157",25
"Human Diseases","Cancer: specific types","mmu05221","Acute myeloid leukemia - Mus musculus (house mouse)","25/2215","70/10650",0.357142857142857,1.71718800386972,3.08487760810237,0.00274774809803327,0.00982957309296438,0.00515855041736034,"12475/12045/12443/16590/16480/12047/67603/19697/21415/20375/12044/19015/11652/16409/12428/74769/12394/16151/20851/18710/12606/19401/18709/20850/110157",25
"Organismal Systems","Immune system","mmu04670","Leukocyte transendothelial migration - Mus musculus (house mouse)","38/2215","119/10650",0.319327731092437,1.53536809757763,3.00946916421973,0.00280759858957748,0.00992909069075471,0.00521077715607634,"17698/109711/13057/18260/16456/17356/60595/19878/17970/57257/53624/12385/67938/12740/16414/17972/17969/19354/12767/11465/239931/22324/14677/17395/234779/16409/12927/56508/74769/18613/22329/15894/19229/18710/19094/19303/18709/18751",38
"Metabolism","Glycan biosynthesis and metabolism","mmu00512","Mucin type O-glycan biosynthesis - Mus musculus (house mouse)","14/2215","32/10650",0.4375,2.10355530474041,3.20366035366458,0.00283279532675711,0.00992909069075471,0.00521077715607634,"20445/233733/14425/20442/108150/56336/14537/20446/72297/94192/14426/218476/171212/231050",14
"Genetic Information Processing","Replication and repair","mmu03440","Homologous recombination - Mus musculus (house mouse)","17/2215","42/10650",0.404761904761905,1.94614640438568,3.14821923666274,0.00287652448841082,0.00993732325862503,0.00521509759970311,"57434/19361/12189/107976/12021/12144/68240/12190/21975/235559/69745/19891/19365/19363/381760/237911/225182",17
"Metabolism","Lipid metabolism","mmu00561","Glycerolipid metabolism - Mus musculus (house mouse)","23/2215","63/10650",0.365079365079365,1.75534773728905,3.08126808821116,0.00289241973810123,0.00993732325862503,0.00521509759970311,"11997/11669/14187/23945/28169/68262/50784/67861/11605/16891/231510/71910/104418/67916/55979/64898/52123/64899/11671/193742/13350/227333/67800",23
"Environmental Information Processing","Signal transduction","mmu04071","Sphingolipid signaling pathway - Mus musculus (house mouse)","41/2215","131/10650",0.312977099236641,1.50483345682629,2.97916999164033,0.00296561408095274,0.0100283155315345,0.00526285025619738,"14127/21926/208449/19878/71978/19697/21937/17250/19354/12028/13033/20397/11652/14677/225849/14389/14360/81535/18797/170758/74769/104725/26420/66612/12043/18795/71609/12122/56632/18710/19094/26408/18805/14682/54447/14673/52432/18709/18751/74442/110157",41
"Metabolism","Lipid metabolism","mmu00600","Sphingolipid metabolism - Mus musculus (house mouse)","21/2215","56/10650",0.375,1.80304740406321,3.08747853590844,0.00298388774900196,0.0100283155315345,0.00526285025619738,"66190/208449/15212/56336/20397/50784/14667/11605/81535/14421/50877/53897/76943/67916/18010/12091/56632/23956/15211/54447/74442",21
"Metabolism","Nucleotide metabolism","mmu00230","Purine metabolism - Mus musculus (house mouse)","42/2215","135/10650",0.311111111111111,1.49586155003762,2.97112835953011,0.0030056046549844,0.0100283155315345,0.00526285025619738,"66355/27369/76974/23971/56248/67054/18950/11717/12495/382985/14198/22436/68695/207728/23959/23972/18583/209558/23917/18102/18573/29863/66566/11639/18103/109674/18605/242202/66358/54369/20135/11821/78801/229665/12496/50773/108147/66681/210808/20133/328099/11515",42
"Cellular Processes","Transport and catabolism","mmu04145","Phagosome - Mus musculus (house mouse)","54/2215","183/10650",0.295081967213115,1.41879139991859,2.92826868238301,0.00311250686736736,0.0102860941235855,0.00539813221107321,"12475/13057/226421/21825/17970/227613/12317/22152/66212/16414/20335/12330/108078/17972/15018/17969/14131/11974/66290/114143/11465/11984/12266/22042/12721/53857/19349/16409/73710/14964/16402/27060/16419/21828/110557/73834/21355/18779/21871/22154/66335/21898/225326/16398/216238/50909/17113/21354/13040/66144/14998/21826/53421/24088",54
"Metabolism","Carbohydrate metabolism","mmu00010","Glycolysis / Gluconeogenesis - Mus musculus (house mouse)","24/2215","67/10650",0.358208955223881,1.72231393820963,3.03918917707688,0.00316347016736535,0.0103558881893941,0.00543476006905865,"11522/11529/11670/621603/11676/11669/15277/56421/18746/14433/18642/212032/13806/319625/18648/11674/16828/11671/18641/15275/66681/18655/21991/68401",24
"Metabolism","Carbohydrate metabolism","mmu00520","Amino sugar and nucleotide sugar metabolism - Mus musculus (house mouse)","16/2215","39/10650",0.41025641025641,1.97256468136829,3.1179660044844,0.00322424310653518,0.0103816571782452,0.00544828360939305,"107652/15277/15212/71884/212032/54342/14584/56174/26384/19703/331026/15275/66681/15211/245847/75540",16
"Human Diseases","Infectious disease: viral","mmu05167","Kaposi sarcoma-associated herpesvirus infection - Mus musculus (house mouse)","64/2215","224/10650",0.285714285714286,1.37375040309578,2.89698038005531,0.00323117860302732,0.0103816571782452,0.00544828360939305,"330122/20310/70405/12443/54720/14825/14281/12768/17096/19055/26398/19697/21937/21415/14102/15976/16476/56489/15018/12575/12028/12314/18035/64337/13063/12266/12771/11652/20963/16440/15251/19225/234779/14964/15975/67443/16439/17164/110557/14701/12370/74769/22031/66066/16438/26420/18591/225326/54123/16151/71609/12367/12315/15894/12122/18710/19094/12571/18018/100504663/16193/56480/18709/110157",64
"Metabolism","Metabolism of cofactors and vitamins","mmu00790","Folate biosynthesis - Mus musculus (house mouse)","12/2215","26/10650",0.461538461538462,2.21913526653933,3.18928457798563,0.00327315001156055,0.0104200280184542,0.00546842058908715,"11997/14187/72562/268566/110391/17434/67861/19286/12408/14528/68591/11647",12
"Organismal Systems","Endocrine system","mmu04910","Insulin signaling pathway - Mus musculus (house mouse)","43/2215","140/10650",0.307142857142857,1.47678168332796,2.9099193857798,0.0035230631728204,0.0111136629178971,0.00583243951098498,"110095/70405/19268/18759/15277/106628/56458/13684/19744/12314/53412/16890/11652/212032/23921/19079/19087/14104/208650/102093/108079/74769/14252/26420/20787/216233/18749/16332/12315/14936/53413/18710/107746/15275/64930/105787/104215/20416/68401/68961/17346/18709/110157",43
"Metabolism","Global and overview maps","mmu01230","Biosynthesis of amino acids - Mus musculus (house mouse)","27/2215","79/10650",0.341772151898734,1.64328371003229,2.94074114793488,0.00387824128521748,0.0121238714051393,0.00636259594445352,"107869/11847/11676/76282/21881/232087/14645/56421/18746/14433/18642/19895/107272/13806/269951/11846/18648/11674/236539/12036/18641/14718/238505/18655/21991/108037/328099",27
"Human Diseases","Cancer: specific types","mmu05212","Pancreatic cancer - Mus musculus (house mouse)","26/2215","76/10650",0.342105263157895,1.6448853510752,2.8911351262189,0.00448056947950252,0.0138817643695301,0.00728513646573248,"12443/13649/19765/19697/19354/12575/12028/11652/21808/17873/19361/170758/74769/26420/12190/12048/16151/18710/12571/18805/21803/19730/23882/18709/107986/110157",26
"Environmental Information Processing","Signal transduction","mmu04392","Hippo signaling pathway - multiple species - Mus musculus (house mouse)","12/2215","27/10650",0.444444444444444,2.13694507148232,3.03107379621058,0.00479103302183751,0.0147122872440497,0.00772099406406977,"18479/21676/319710/22601/97064/56289/211652/21679/21678/64010/101543/73246",12
"Environmental Information Processing","Signal transduction","mmu04012","ErbB signaling pathway - Mus musculus (house mouse)","28/2215","84/10650",0.333333333333333,1.60270880361174,2.84178102664377,0.00493250459140179,0.0150138516948809,0.00787925479512937,"18479/13649/13874/11352/13867/108058/26398/15200/16476/12575/211323/11652/234779/14388/100042150/208650/18481/74769/26420/70584/20851/214230/18710/20416/18709/20850/18751/110157",28
"Environmental Information Processing","Signal transduction","mmu04014","Ras signaling pathway - Mus musculus (house mouse)","66/2215","237/10650",0.278481012658228,1.33897191187816,2.70426151115295,0.00542132060544343,0.0161743795743396,0.00848829869971407,"66922/70405/217944/225845/18479/16590/19417/13640/17356/13649/14183/21844/17295/11352/19765/13636/56289/18049/11845/19697/19354/12314/64337/74055/12977/11652/17311/14389/234779/14388/17532/19414/66350/18481/170758/14701/18205/74769/66066/13638/26420/70584/12048/18591/18053/18749/16151/20130/241694/214230/12315/14164/18710/58231/19696/18595/18805/20416/114713/56480/18212/19730/19731/18709/18751/110157",66
"Metabolism","Metabolism of cofactors and vitamins","mmu00770","Pantothenate and CoA biosynthesis - Mus musculus (house mouse)","10/2215","21/10650",0.476190476190476,2.28958400515963,3.03118063031896,0.0054298042369764,0.0161743795743396,0.00848829869971407,"11669/103149/209558/99586/18605/246277/12036/75735/11671/71743",10
"Human Diseases","Infectious disease: parasitic","mmu05144","Malaria - Mus musculus (house mouse)","26/2215","77/10650",0.337662337662338,1.62352320365864,2.81382835472838,0.00545360925129028,0.0161743795743396,0.00848829869971407,"16176/21926/12985/20969/21825/17295/100503605/16414/20296/15122/110257/16633/21808/21828/16173/18613/21898/22329/16153/12520/15894/21826/16971/21803/16193/24088",26
"Metabolism","Glycan biosynthesis and metabolism","mmu00511","Other glycan degradation - Mus musculus (house mouse)","9/2215","18/10650",0.5,2.40406320541761,3.05502073612514,0.00555835913670019,0.0162193754202207,0.00851191247595383,"15212/50877/73744/18010/17160/11593/12091/23956/15211",9
"Metabolism","Glycan biosynthesis and metabolism","mmu00510","N-Glycan biosynthesis - Mus musculus (house mouse)","20/2215","55/10650",0.363636363636364,1.74840960394008,2.85147095012967,0.00556226419310162,0.0162193754202207,0.00851191247595383,"13480/17158/320302/67574/269181/66357/57357/381903/217664/13481/208211/16430/57377/103963/207958/53618/66059/57170/14595/208624",20
"Organismal Systems","Immune system","mmu04664","Fc epsilon RI signaling pathway - Mus musculus (house mouse)","23/2215","66/10650",0.348484848484849,1.67555920377591,2.82103973069844,0.00563481830534312,0.0162940162662839,0.00855108391951193,"14127/21926/57257/17096/26398/11690/26397/16822/16331/19354/11652/22324/14389/14360/20963/234779/170758/74769/26420/18710/19094/18709/110157",23
"Human Diseases","Neurodegenerative disease","mmu05022","Pathways of neurodegeneration - multiple diseases - Mus musculus (house mouse)","123/2215","481/10650",0.255717255717256,1.22952089092044,2.63969877499085,0.00569258626721899,0.0163250201216941,0.00856735471273497,"16176/21926/70405/21938/22417/11739/22419/12334/20463/22333/226641/57320/11789/104130/67128/67003/67680/212398/16573/20743/12333/108058/66495/19055/11911/233871/19697/21937/16593/14368/14102/227613/20907/16175/26397/22152/22272/14776/12028/12364/12314/18412/15108/13063/17995/232943/72900/12977/215114/110616/13191/19182/16440/22413/68349/26444/53857/12460/19225/73710/22428/12568/11783/68943/71648/18797/67443/50873/16439/69590/56791/67305/170731/54152/12370/66377/14362/22154/16438/217695/26420/17274/12048/103199/66052/17463/225326/19179/17992/70247/12043/18795/12367/12315/59029/74018/18391/12122/329015/19094/26408/56436/641340/74764/100504663/52639/59288/22409/13198/20192/67738/227197/237782/14682/16193/56480/67665/18751/20655/21353/110157/105675/12569",123
"Organismal Systems","Endocrine system","mmu04918","Thyroid hormone synthesis - Mus musculus (house mouse)","25/2215","74/10650",0.337837837837838,1.62436703068757,2.76181024607659,0.00630789352569415,0.0179413037165235,0.00941557877433208,"14782/11911/12330/22139/14776/11936/16440/22027/99439/18797/16439/69590/231991/67305/16438/12915/18749/18795/22130/11931/14682/11515/18751/12304/23985",25
"Metabolism","Lipid metabolism","mmu00564","Glycerophospholipid metabolism - Mus musculus (house mouse)","32/2215","101/10650",0.316831683168317,1.52336678363096,2.70807028624674,0.00659221034147746,0.0185975364918104,0.00975996909778006,"225845/14571/208449/28169/75320/68262/74596/50784/333433/26394/231510/66350/210992/71910/104418/67916/66358/270084/55979/64898/68671/52123/64899/99010/212862/227333/18805/241274/110911/99712/74442/12651",32
"Environmental Information Processing","Signal transduction","mmu04072","Phospholipase D signaling pathway - Mus musculus (house mouse)","44/2215","149/10650",0.295302013422819,1.41984940991107,2.64466146626227,0.0070216228540627,0.0196492187932239,0.0103118909486659,"14127/66922/16590/13649/19744/28169/11845/68262/72318/103967/50784/11652/17311/14389/14360/20963/18717/234779/14388/17532/18797/56508/74769/104418/67916/55979/18591/52123/18795/20130/14745/56632/19229/18710/64930/227333/18595/18805/20416/14673/11515/19730/18709/110157",44
"Human Diseases","Neurodegenerative disease","mmu05010","Alzheimer disease - Mus musculus (house mouse)","101/2215","389/10650",0.259640102827764,1.24838243571814,2.55740537603967,0.00733012947283149,0.0203484394165802,0.0106788412530513,"16176/21926/70405/67547/22417/11739/22419/12334/20463/22333/226641/11789/104130/67003/67680/212398/16573/12333/66495/19055/11911/19697/21937/16593/14368/14102/227613/16175/22152/68585/22272/213053/12364/14433/12314/15108/13063/17995/232943/72900/12977/11652/106957/19182/16440/22413/68349/26444/53857/19225/73710/12568/11783/214922/18797/16439/30791/12370/74769/66377/14362/22154/16438/26420/66052/17463/225326/19179/16151/17992/70247/18795/11816/12367/12315/59029/14977/12122/329015/18710/26408/11487/56436/641340/74764/100504663/52639/16971/22409/13198/20192/67738/227197/68427/14682/16193/18709/11491/110157/105675/12569",101
"Environmental Information Processing","Signal transduction","mmu04150","mTOR signaling pathway - Mus musculus (house mouse)","46/2215","158/10650",0.291139240506329,1.39983427150899,2.59464624569635,0.00787402318040268,0.0216848098698391,0.0113801671696714,"21926/22417/22419/20539/83409/230784/110651/227743/13684/19744/21937/320311/14368/66290/11652/20111/22413/216742/20112/108079/74769/277854/73834/227154/14362/66335/64898/64899/216805/56032/71962/80909/67046/66144/18710/68576/64930/105787/22409/268706/72446/18709/18751/329679/54170/110157",46
"Organismal Systems","Endocrine system","mmu04915","Estrogen signaling pathway - Mus musculus (house mouse)","40/2215","134/10650",0.298507462686567,1.43526161517469,2.59822175677497,0.008102398869758,0.0221380504551656,0.011618027388878,"70405/13649/14281/16665/16667/16669/11911/94179/15200/16663/16476/268482/12314/13033/11652/16668/16664/14677/16440/17395/22027/18797/16439/231991/74769/16438/12915/18749/12043/18795/12315/193740/18710/20416/19401/14682/11515/18709/110157/14229",40
"Human Diseases","Infectious disease: parasitic","mmu05143","African trypanosomiasis - Mus musculus (house mouse)","15/2215","39/10650",0.384615384615385,1.84927938878277,2.72272303658868,0.00866664550056767,0.0234947342866952,0.0123300137466958,"16176/21926/100503605/14102/15122/110257/18797/16173/22329/16153/18795/15894/14682/16193/18751",15
"Organismal Systems","Endocrine system","mmu04920","Adipocytokine signaling pathway - Mus musculus (house mouse)","24/2215","72/10650",0.333333333333333,1.60270880361174,2.62948524002735,0.00883813064034171,0.0235910102476813,0.0123805392775637,"21926/21938/74205/14081/20525/72993/19697/21937/72674/18035/11652/19079/94180/18037/108079/109648/26420/16151/71609/105787/50790/68401/433256/18036",24
"Human Diseases","Cancer: specific types","mmu05223","Non-small cell lung cancer - Mus musculus (house mouse)","24/2215","72/10650",0.333333333333333,1.60270880361174,2.62948524002735,0.00883813064034171,0.0235910102476813,0.0123805392775637,"12443/13649/17295/56289/16573/14198/12575/12028/11652/11682/234779/218772/17873/74769/20851/18710/58231/12571/23882/18709/20850/18751/107986/110157",24
"Human Diseases","Cancer: specific types","mmu05220","Chronic myeloid leukemia - Mus musculus (house mouse)","25/2215","76/10650",0.328947368421053,1.58162052988,2.60750773957344,0.00917870762876456,0.0243130652456588,0.0127594730395843,"12443/19697/12575/12028/18035/11652/21808/14389/17873/74769/13017/12394/12048/16151/20851/18710/15182/12571/21803/20416/23882/18709/20850/107986/110157",25
"Environmental Information Processing","Signaling molecules and interaction","mmu04060","Cytokine-cytokine receptor interaction - Mus musculus (house mouse)","78/2215","294/10650",0.26530612244898,1.27562537430322,2.45581459604376,0.0099540298419624,0.0261670329936436,0.0137324335140311,"330122/57349/20303/20302/16176/20310/20311/21926/12985/21938/16180/20305/16323/14825/13607/16155/27279/18414/14600/16164/94185/12768/100532/18049/12161/16169/21937/77125/14102/16880/16181/15976/16175/20296/12983/18413/20306/56744/12767/16174/12986/11477/12156/12771/12977/20312/16190/16178/12803/21808/245527/57890/24047/83430/53603/57266/69583/15975/16173/23886/16188/16182/20301/16177/93672/209590/16153/18053/20300/107527/213208/21933/15980/16172/21803/16156/16193/12982",78
"Environmental Information Processing","Signal transduction","mmu04371","Apelin signaling pathway - Mus musculus (house mouse)","41/2215","140/10650",0.292857142857143,1.40809416317317,2.49070205120347,0.0104824917286162,0.0272151676121957,0.0142824935443951,"20750/66922/70405/12443/12550/18131/18791/11475/13653/12314/107589/64337/14219/16890/11652/14677/19079/16440/17532/18797/67443/16439/14701/108079/66066/16438/18749/225326/12326/18795/20130/12315/20544/56632/17259/16598/105787/20192/14682/11515/110157",41
"Organismal Systems","Immune system","mmu04620","Toll-like receptor signaling pathway - Mus musculus (house mouse)","32/2215","104/10650",0.307692307692308,1.47942351102622,2.51762388191122,0.0105096036312225,0.0272151676121957,0.0142824935443951,"20750/20303/20302/16176/12475/21926/14281/26398/19697/15976/26397/16476/56489/18035/11652/15975/12519/12370/74769/22031/21898/26420/54123/16151/266632/18710/19094/16193/24088/56480/27056/18709",32
"Human Diseases","Infectious disease: bacterial","mmu05100","Bacterial invasion of epithelial cells - Mus musculus (house mouse)","25/2215","77/10650",0.324675324675325,1.56108000351793,2.53203539805099,0.0109696203102426,0.0281959870196605,0.0147972266173252,"330662/14268/12550/140580/17295/78514/12385/15163/11867/11465/103967/74192/67771/12390/14388/12927/16402/74769/234683/18710/20416/19303/622434/18709/56212",25
"Organismal Systems","Endocrine system","mmu04914","Progesterone-mediated oocyte maturation - Mus musculus (house mouse)","29/2215","93/10650",0.311827956989247,1.49930823563679,2.47821327053107,0.011875098610306,0.0302989648365895,0.0159008673342332,"110651/59008/69010/11652/67579/14677/20111/12534/12531/12235/268697/56150/12428/20112/18817/20878/74769/12530/26420/18749/20868/268930/18710/217232/19094/52717/11515/18709/110157",29
"Human Diseases","Cancer: overview","mmu05208","Chemical carcinogenesis - reactive oxygen species - Mus musculus (house mouse)","62/2215","229/10650",0.270742358078603,1.30176348240953,2.36553000696942,0.0129616104548042,0.0328297724658178,0.0172290327213302,"14859/14858/13849/13057/13850/66447/11739/20463/13649/14281/22333/104130/17295/11352/14863/67003/67680/17970/66495/14862/26398/14860/19697/103140/16476/22272/17969/15368/13078/14873/18024/18035/17995/72900/11652/14872/211666/68349/15251/56615/20656/12408/14857/74769/66377/19271/26420/66052/16151/17992/75292/14871/18710/19094/26408/18805/227197/13107/18709/20655/110157/105675",62
"Human Diseases","Neurodegenerative disease","mmu05014","Amyotrophic lateral sclerosis - Mus musculus (house mouse)","96/2215","376/10650",0.25531914893617,1.22760674319197,2.30254433737536,0.0140461691947829,0.0352166955406423,0.0184816876339485,"21926/21938/20463/22333/11750/226641/104130/218210/67003/67680/16573/18226/66495/19055/11911/233871/21937/16593/227613/26397/22152/22272/14776/12028/12364/18643/18412/11465/211323/13063/17995/232943/77595/72900/13191/19182/16440/68349/26444/53857/12460/73710/22428/100042150/11783/68943/71648/67443/50873/21681/69590/67305/54152/66377/72787/22154/54609/69482/17274/12048/103199/66052/17463/225326/19179/11727/17992/70247/12043/12367/170762/103468/59029/74018/71805/18391/74412/234865/12122/329015/19094/26408/433702/56436/641340/74764/100504663/52639/59288/13198/227197/237782/56480/67665/20655/21353",96
"Metabolism","Energy metabolism","mmu00920","Sulfur metabolism - Mus musculus (house mouse)","6/2215","11/10650",0.545454545454545,2.62261440591012,2.75905273158944,0.0141069760234849,0.0352166955406423,0.0184816876339485,"246221/20341/23971/22117/23972/66071",6
NA,NA,"mmu04981","Folate transport and metabolism - Mus musculus (house mouse)","11/2215","27/10650",0.407407407407407,1.95886631552546,2.55631924176331,0.0145765231408359,0.0361289537847861,0.0189604398749219,"14275/26357/17250/107885/100039707/22171/20509/17769/27416/238505/108037",11
"Metabolism","Carbohydrate metabolism","mmu00030","Pentose phosphate pathway - Mus musculus (house mouse)","13/2215","34/10650",0.382352941176471,1.83840127473111,2.50905203893497,0.0148838558753156,0.0366290637498901,0.0192228970991385,"11676/21881/66171/56421/110208/18642/19895/11674/100198/18641/66681/71336/328099",13
"Human Diseases","Cancer: specific types","mmu05214","Glioma - Mus musculus (house mouse)","24/2215","75/10650",0.32,1.53860045146727,2.39858930076007,0.0150924321722639,0.0368808025617997,0.0193550093832591,"70405/12443/13649/108058/227541/12575/12028/12314/11652/234779/17873/74769/18591/12326/12315/18710/12571/18595/20416/23882/18709/18751/107986/110157",24
"Genetic Information Processing","Folding, sorting and degradation","mmu03018","RNA degradation - Mus musculus (house mouse)","26/2215","83/10650",0.313253012048193,1.5061600805026,2.3721918982967,0.0156390804026111,0.0379493769210214,0.0199157961696851,"104625/12227/56421/57259/18642/13806/12226/13209/69305/69639/66094/69125/66583/67678/71701/12228/18641/227715/230721/225929/66373/353190/15510/76522/74108/27756",26
"Metabolism","Carbohydrate metabolism","mmu00640","Propanoate metabolism - Mus musculus (house mouse)","12/2215","31/10650",0.387096774193548,1.86121022354912,2.4606335920325,0.017091303131378,0.0411852929624178,0.0216140017670204,"93747/20917/73724/104776/56451/16828/66904/52665/227095/12040/17850/80911",12
"Metabolism","Xenobiotics biodegradation and metabolism","mmu00982","Drug metabolism - cytochrome P450 - Mus musculus (house mouse)","23/2215","72/10650",0.319444444444444,1.53592927012792,2.33814090163481,0.0174881048230343,0.0418508439558131,0.0219632822822863,"11522/14859/11529/14858/11670/621603/66447/54486/14863/14862/14860/76263/103140/14873/14872/211666/17161/56615/55990/14857/14870/14263/14871",23
"Organismal Systems","Endocrine system","mmu04928","Parathyroid hormone synthesis, secretion and action - Mus musculus (house mouse)","34/2215","116/10650",0.293103448275862,1.40927843076205,2.27117150427358,0.0183029506510939,0.0435008484652712,0.0228292030471467,"17386/18227/16658/13649/14281/11911/15200/213498/75607/13653/12575/19227/12393/22337/14677/16440/18797/69847/53416/16439/14462/231991/16438/12915/18749/12043/18795/18805/14682/16801/14673/11515/18751/110157",34
"Organismal Systems","Endocrine system","mmu04922","Glucagon signaling pathway - Mus musculus (house mouse)","31/2215","104/10650",0.298076923076923,1.43319152630665,2.27484323773923,0.0185582698424701,0.0438076165669192,0.0229901946491037,"110095/70405/56458/20525/108058/19055/11911/56421/18746/12314/18642/11652/19079/16440/18797/16439/18648/102093/231991/16828/108079/16438/18749/18795/12315/14936/18641/105787/68401/14682/68961",31
"Environmental Information Processing","Signal transduction","mmu04630","JAK-STAT signaling pathway - Mus musculus (house mouse)","47/2215","171/10650",0.274853801169591,1.32153182052196,2.17200504595761,0.0213672062220966,0.0498178333370949,0.026144350575815,"12985/12443/12700/13649/16155/18414/14600/16164/16169/16880/15976/12983/18413/12575/12986/11652/16190/12803/83430/12444/53603/15975/192157/16188/74769/93672/209590/16153/12048/18591/216233/12043/17210/20851/213208/18710/15980/18595/20852/12445/16156/16193/18709/20850/12982/59004/110157",47
"Human Diseases","Cancer: overview","mmu05202","Transcriptional misregulation in cancer - Mus musculus (house mouse)","60/2215","226/10650",0.265486725663717,1.27649373738988,2.15288609369987,0.0213915192139111,0.0498178333370949,0.026144350575815,"12475/17392/12045/16009/22290/20732/22029/19126/16480/12047/17295/18791/208266/140780/56458/214162/70439/67603/17132/19697/11796/20375/17342/12044/12575/56312/12028/15081/80859/15364/21417/12393/16178/17395/16409/18124/12444/17873/50528/18647/16421/12428/11864/12053/12394/12048/18053/22289/212980/15182/19696/12606/13198/12608/53618/19401/16193/12580/23882/107986",60
"Metabolism","Amino acid metabolism","mmu00330","Arginine and proline metabolism - Mus musculus (house mouse)","18/2215","54/10650",0.333333333333333,1.60270880361174,2.2752659921587,0.0216003483710479,0.0499688058983575,0.0262235808294126,"11847/18242/11669/12716/11702/18263/14431/20603/17161/11846/228608/66988/18452/212647/242669/11671/20810/14718",18
